DATE,PAYEMS,PAYNSA,AHETPI,USCONS,USCONS_NSA,MANEMP,MANEMP_NSA,USTRADE,HOUST,UNRATE,UNRATENSA,EMRATIO,UEMPMEAN,UEMPMED,U2RATE,U1RATE,CPIAUCSL,UMCSENT,RRSFS,RSXFS,USSLIND,SPCS20RSA,SPCS2-RNSA,KCFSI,DGORDER,IPMAN
Desc,Non Farm Payroll,Non Farm Payroll NSA,Average Hourly Earnings of Production and Nonsupervisory Employees: Total Private,All Employees: Construction,All Employees: Construction NSA,All Employees: Manufacturing,All Employees: Manufacturing NSA,All Employees: Retail Trade,Housing Starts: Total: New Privately Owned Housing Units Started,Civilian Unemployment Rate,Civilian Unemployment Rate NSA,Civilian Employment-Population Ratio,Average Duration of Unemployment,Median Duration of Unemployment,Unemployment Rate: Job Losers,"Persons Unemployed 15 weeks or longer, as a percent of the civilian labor force",â€ Consumer Price Index for All Urban Consumers: All Items,University of Michigan: Consumer Sentiment,Advance Real Retail and Food Services Sales,Advance Retail Sales: Retail (Excluding Food Services),Leading Index for the United States,S&P Case-Shiller 20-City Home Price Index,S&P/Case-Shiller 20-City Composite Home Price Index,Kansas City Financial Stress Index,Manufacturer's New Orders: Durable Goods,Industrial Production: Manufacturing (NAICS)
1/1/1970,"71,176",70229,3.31,3615,3279,18424,18254,7425,1085,3.9,4.2,58,7.9,5.1,1.5,0.5,37.9,,,,,,,,,
2/1/1970,"71,304",70332,3.33,3703,3306,18361,18205,7441.8,1305,4.2,4.7,57.9,8,5.4,1.7,0.6,38.1,,,,,,,,,
3/1/1970,"71,452",70786,3.35,3697,3402,18360,18233,7465.1,1319,4.4,4.6,57.9,8.3,5.2,1.8,0.6,38.3,,,,,,,,,
4/1/1970,"71,348",71105,3.36,3669,3549,18207,18084,7447.2,1264,4.6,4.3,57.9,8.2,5.2,1.9,0.7,38.5,,,,,,,,,
5/1/1970,"71,123",71123,3.38,3634,3621,18029,17897,7453.1,1290,4.8,4.1,57.5,8.6,5.6,2.2,0.7,38.6,,,,,,,,,
6/1/1970,"71,029",71766,3.39,3636,3803,17930,18063,7453.6,1385,4.9,5.6,57.3,8.6,5.9,2.2,0.8,38.8,,,,,,,,,
7/1/1970,"71,053",71000,3.41,3645,3888,17877,17788,7462.9,1517,5,5.3,57.4,8.9,6.2,2.2,0.8,38.9,,,,,,,,,
8/1/1970,"70,933",70900,3.43,3649,3940,17779,17889,7460.5,1399,5.1,5,57.2,8.8,6.3,2.3,0.9,39,,,,,,,,,
9/1/1970,"70,948",71257,3.45,3618,3847,17692,17941,7478.9,1534,5.4,5.2,57,8.9,6.4,2.5,0.9,39.2,,,,,,,,,
10/1/1970,"70,519",71022,3.46,3626,3836,17173,17341,7495.7,1580,5.5,5.1,57,8.7,6.5,2.7,0.9,39.4,,,,,,,,,
11/1/1970,"70,409",70983,3.47,3643,3758,17024,17148,7466.6,1647,5.9,5.5,56.9,9.3,6.7,2.8,1,39.6,,,,,,,,,
12/1/1970,"70,790",71564,3.5,3688,3613,17309,17336,7514,1893,6.1,5.6,56.7,9.8,5.7,2.9,1.3,39.8,,,,,,,,,
1/1/1971,"70,866",69922,3.52,3643,3296,17280,17100,7556.4,1828,5.9,6.6,56.8,10.5,6.2,2.8,1.3,39.9,,,,,,,,,
2/1/1971,"70,806",69844,3.54,3633,3228,17216,17050,7554.9,1741,5.9,6.6,56.6,10.4,6.4,2.8,1.3,39.9,,,,,,,,,
3/1/1971,"70,859",70209,3.56,3674,3377,17154,17017,7569.4,1910,6,6.3,56.4,10.6,5.8,2.7,1.3,40,,,,,,,,,
4/1/1971,"71,037",70795,3.57,3735,3607,17149,17022,7600.5,1986,5.9,5.7,56.6,10.9,6.5,2.8,1.4,40.1,,,,,,,,,
5/1/1971,"71,247",71287,3.6,3750,3741,17225,17102,7623.1,2049,5.9,5.3,56.6,11.2,6.4,2.8,1.4,40.3,,,,,,,,,
6/1/1971,"71,253",72006,3.62,3759,3931,17139,17279,7639.7,2026,5.9,6.5,56.2,11.6,6.2,2.7,1.4,40.5,,,,,,,,,
7/1/1971,"71,315",71194,3.63,3786,4024,17126,17026,7669.2,2083,6,6.2,56.5,11.5,6.2,2.8,1.5,40.6,,,,,,,,,
8/1/1971,"71,370",71298,3.66,3786,4077,17115,17234,7696.8,2158,6.1,5.9,56.6,11.5,6.6,2.9,1.5,40.7,,,,,,,,,
9/1/1971,"71,617",71931,3.67,3820,4054,17154,17410,7720.7,2041,6,5.8,56.6,11.9,6.6,2.8,1.5,40.8,,,,,,,,,
10/1/1971,"71,642",72180,3.68,3867,4084,17126,17307,7728,2128,5.8,5.4,56.6,12.6,6.7,2.7,1.5,40.9,,,,,,,,,
11/1/1971,"71,846",72479,3.69,3903,4028,17166,17307,7729.3,2182,6,5.7,56.8,12,6.6,2.8,1.5,41,,,,,,,,,
12/1/1971,"72,108",72880,3.73,3867,3790,17202,17231,7787.1,2295,6,5.5,56.8,11.5,5.4,2.7,1.5,41.1,,,,,,,,,
1/1/1972,"72,445",71481,3.8,3912,3554,17283,17095,7891.7,2494,5.8,6.5,56.7,12.1,6.1,2.6,1.5,41.2,,,,,,,,,36.8951
2/1/1972,"72,652",71668,3.82,3888,3482,17361,17177,7924.4,2390,5.7,6.4,56.7,12.4,6,2.5,1.5,41.4,,,,,,,,,37.1481
3/1/1972,"72,945",72261,3.84,3921,3622,17447,17287,7946.6,2334,5.8,6.1,56.9,12.3,5.6,2.5,1.4,41.4,,,,,,,,,37.4013
4/1/1972,"73,163",72894,3.86,3931,3792,17508,17365,7972.6,2249,5.7,5.5,56.9,12.4,5.7,2.4,1.4,41.5,,,,,,,,,37.8512
5/1/1972,"73,467",73525,3.87,3957,3951,17602,17483,7989.3,2221,5.7,5.1,57,12.3,5.7,2.6,1.3,41.6,,,,,,,,,37.8891
6/1/1972,"73,760",74507,3.88,3969,4144,17641,17782,8019.4,2254,5.7,6.2,57,12.4,6.1,2.5,1.3,41.7,,,,,,,,,38.0113
7/1/1972,"73,708",73502,3.9,3939,4171,17556,17451,8032.3,2252,5.6,5.9,57,11.8,5.7,2.5,1.3,41.8,,,,,,,,,38.0241
8/1/1972,"74,138",74054,3.92,3983,4278,17741,17876,8066.4,2382,5.6,5.5,57.1,11.8,5.2,2.5,1.3,41.9,,,,,,,,,38.5168
9/1/1972,"74,263",74612,3.94,4000,4242,17774,18042,8073.1,2481,5.5,5.4,57,12.1,5.5,2.4,1.3,42.1,,,,,,,,,38.7874
10/1/1972,"74,673",75290,3.97,4038,4260,17893,18100,8124.5,2485,5.6,5.1,57,11.7,5,2.3,1.3,42.2,,,,,,,,,39.3854
11/1/1972,"74,967",75704,3.98,4002,4129,18005,18172,8170.1,2421,5.3,4.9,57.2,11.4,4.9,2.2,1.2,42.4,,,,,,,,,39.8907
12/1/1972,"75,270",76078,4.01,3937,3864,18158,18200,8224.1,2366,5.2,4.8,57.3,11.4,5,2.1,1.1,42.5,,,,,,,,,40.4801
1/1/1973,"75,621",74613,4.03,4004,3636,18276,18076,8255.3,2481,4.9,5.5,57.1,11,5.2,2,1.1,42.7,,,,,,,,,40.7585
2/1/1973,"76,017",74989,4.04,4071,3673,18410,18198,8280.8,2289,5,5.6,57.5,10.5,4.9,2,1,43,,,,,,,,,41.4288
3/1/1973,"76,285",75544,4.06,4089,3790,18493,18299,8306.8,2365,4.9,5.2,57.8,10.6,5.4,1.9,1,43.4,,,,,,,,,41.5045
4/1/1973,"76,455",76132,4.08,4106,3953,18530,18359,8323.7,2084,5,4.8,57.7,10,5.5,1.9,0.9,43.7,,,,,,,,,41.4458
5/1/1973,"76,646",76712,4.1,4137,4133,18564,18442,8351.3,2266,4.9,4.4,57.7,10.1,5.1,1.8,0.9,43.9,,,,,,,,,41.7113
6/1/1973,"76,887",77630,4.12,4193,4364,18606,18745,8370.6,2067,4.9,5.4,58,9.6,4.7,1.9,0.9,44.2,,,,,,,,,41.6985
7/1/1973,"76,911",76691,4.15,4232,4463,18598,18493,8367.9,2123,4.8,5,57.9,9.6,5,1.8,0.8,44.2,,,,,,,,,41.9061
8/1/1973,"77,166",77095,4.16,4233,4527,18629,18784,8381.3,2051,4.8,4.7,57.8,9.8,5.1,1.9,0.9,45,,,,,,,,,41.7772
9/1/1973,"77,276",77682,4.19,4237,4484,18609,18902,8400.3,1874,4.8,4.7,57.9,9.4,4.8,1.9,0.9,45.2,,,,,,,,,42.1757
10/1/1973,"77,606",78306,4.21,4232,4457,18702,18942,8442.5,1677,4.6,4.2,58.1,10.2,5,1.7,0.9,45.6,,,,,,,,,42.525
11/1/1973,"77,912",78707,4.23,4232,4356,18773,18965,8481.6,1724,4.8,4.6,58.2,9.9,4.6,1.9,0.9,45.9,,,,,,,,,42.8513
12/1/1973,"78,035",78839,4.25,4239,4173,18820,18864,8473.8,1526,4.9,4.6,58.2,9.5,5.3,2,0.8,46.3,,,,,,,,,42.8786
1/1/1974,"78,104",77045,4.26,4196,3828,18788,18574,8462.9,1451,5.1,5.7,58.2,9.5,5.7,2.2,0.9,46.8,,,,,,,,,42.5103
2/1/1974,"78,254",77163,4.29,4259,3868,18727,18479,8460.4,1752,5.2,5.8,58.2,9.6,5,2.2,0.9,47.3,,,,,,,,,42.3253
3/1/1974,"78,296",77485,4.31,4255,3953,18700,18471,8469.9,1555,5.1,5.3,58.2,9.7,5.3,2.2,0.9,47.8,,,,,,,,,42.3132
4/1/1974,"78,382",78035,4.34,4225,4068,18702,18516,8497.7,1607,5.1,4.8,58,9.8,5.5,2.2,1,48.1,,,,,,,,,42.1333
5/1/1974,"78,547",78637,4.39,4198,4196,18688,18573,8530.4,1426,5.1,4.6,58,9.6,5.2,2.1,1,48.6,,,,,,,,,42.4058
6/1/1974,"78,602",79336,4.43,4146,4308,18690,18826,8539.7,1513,5.4,5.8,58,9.7,5.7,2.2,1,49,,,,,,,,,42.4619
7/1/1974,"78,635",78438,4.45,4045,4273,18656,18559,8568.8,1316,5.5,5.7,58,9.9,6.3,2.3,1,49.3,,,,,,,,,42.3786
8/1/1974,"78,619",78584,4.49,4059,4353,18570,18745,8565,1142,5.5,5.3,57.8,9.8,7.1,2.3,1,49.9,,,,,,,,,42.0184
9/1/1974,"78,611",79084,4.53,4009,4260,18492,18817,8590.1,1150,5.9,5.7,57.7,9.6,7.2,2.5,1.1,50.6,,,,,,,,,42.096
10/1/1974,"78,629",79381,4.56,3972,4200,18364,18620,8624.3,1070,6,5.5,57.6,9.9,8.7,2.6,1.2,51,,,,,,,,,41.765
11/1/1974,"78,261",79060,4.57,3911,4035,18077,18266,8585.9,1026,6.6,6.2,57.3,9.6,9.4,3.1,1.2,51.5,,,,,,,,,40.4774
12/1/1974,"77,657",78419,4.61,3860,3800,17693,17724,8524,975,7.2,6.7,56.9,10.1,8.8,3.5,1.4,51.9,,,,,,,,,38.6348
1/1/1975,"77,297",76189,4.61,3841,3474,17344,17115,8514.8,1032,8.1,9,56.4,10.7,8.6,4.2,1.7,52.3,,,,,,,,,37.8207
2/1/1975,"76,919",75764,4.63,3718,3322,17004,16734,8525.2,904,8.1,9.1,56.1,11.7,9.2,4.4,2,52.6,,,,,,,,,36.7422
3/1/1975,"76,649",75808,4.66,3628,3319,16853,16612,8524,993,8.6,9.1,56,11.8,9.2,4.7,2.2,52.8,,,,,,,,,36.2549
4/1/1975,"76,461",76142,4.66,3565,3412,16759,16579,8488.5,1005,8.8,8.6,55.9,12.9,8.6,4.9,2.6,53,,,,,,,,,36.2123
5/1/1975,"76,623",76774,4.68,3552,3553,16746,16656,8534.6,1121,9,8.3,56,13.4,9.5,5.2,2.8,53.1,,,,,,,,,36.1756
6/1/1975,"76,520",77270,4.72,3526,3684,16690,16831,8579.2,1087,8.8,9.1,55.8,15.3,9,5.1,3,53.5,,,,,,,,,36.4892
7/1/1975,"76,769",76592,4.73,3501,3734,16678,16593,8611.2,1226,8.6,8.7,56,15,9,4.9,3.1,54,,,,,,,,,36.9961
8/1/1975,"77,155",77120,4.77,3547,3842,16824,16997,8652.9,1260,8.4,8.2,56.1,15.6,8.2,4.8,3,54.2,,,,,,,,,37.4086
9/1/1975,"77,230",77726,4.79,3573,3827,16904,17228,8654.8,1264,8.4,8.1,56.1,16.1,8.7,5,3.1,54.6,,,,,,,,,38.0456
10/1/1975,"77,535",78283,4.81,3587,3815,16984,17226,8684.3,1344,8.4,7.8,56.1,15.4,8.2,4.6,2.9,54.9,,,,,,,,,38.2535
11/1/1975,"77,680",78437,4.85,3604,3731,17025,17184,8697.8,1360,8.3,7.8,56,16.6,8.3,4.5,3,55.3,,,,,,,,,38.3714
12/1/1975,"78,018",78726,4.87,3641,3581,17140,17149,8741.1,1321,8.2,7.8,56.1,16.5,7.8,4.2,3,55.6,,,,,,,,,38.8605
1/1/1976,"78,506",77376,4.9,3688,3320,17287,17065,8805.4,1367,7.9,8.8,56.4,16.6,7.7,3.9,2.9,55.8,,,,,,,,,39.3975
2/1/1976,"78,817",77605,4.94,3687,3273,17384,17117,8867.8,1538,7.7,8.7,56.5,16.3,7.9,3.8,2.7,55.9,,,,,,,,,40.0066
3/1/1976,"79,049",78214,4.96,3685,3363,17470,17252,8882.4,1421,7.6,8.1,56.7,16.5,7.8,3.8,2.6,56,,,,,,,,,40.0825
4/1/1976,"79,292",79042,4.98,3684,3539,17541,17393,8933.2,1395,7.7,7.4,56.8,15.9,7.7,3.8,2.3,56.1,,,,,,,,,40.3358
5/1/1976,"79,311",79534,5.02,3649,3655,17513,17453,8955.9,1459,7.4,6.8,57,15,8.4,3.7,2.2,56.4,,,,,,,,,40.5434
6/1/1976,"79,376",80164,5.04,3632,3796,17521,17668,8952,1495,7.6,8,56.8,16.9,8,3.9,2.4,56.7,,,,,,,,,40.5515
7/1/1976,"79,547",79393,5.07,3627,3869,17524,17446,8979,1401,7.8,7.8,57,15.7,7.5,3.9,2.4,57,,,,,,,,,40.851
8/1/1976,"79,704",79659,5.12,3632,3931,17596,17743,9012.8,1550,7.8,7.6,57,15.6,7.2,3.8,2.5,57.3,,,,,,,,,41.1139
9/1/1976,"79,892",80362,5.15,3634,3888,17665,17956,9034.3,1720,7.6,7.4,56.9,15.2,7.2,3.8,2.4,57.6,,,,,,,,,41.1973
10/1/1976,"79,905",80593,5.17,3645,3873,17548,17751,9045.3,1629,7.7,7.2,56.9,15.2,7.3,3.7,2.4,57.9,,,,,,,,,41.1616
11/1/1976,"80,237",80953,5.21,3678,3810,17682,17805,9055.6,1641,7.8,7.4,57,15.3,7.9,3.8,2.4,58.1,,,,,,,,,41.6884
12/1/1976,"80,448",81129,5.23,3688,3626,17719,17721,9076,1804,7.8,7.4,57,15.1,6.2,3.8,2.4,58.4,,,,,,,,,42.1332
1/1/1977,"80,692",79540,5.26,3660,3283,17803,17601,9129.4,1527,7.5,8.3,57,15.2,7.1,3.5,2.3,58.7,,,,,,,,,42.0439
2/1/1977,"80,988",79747,5.3,3775,3339,17843,17604,9159.5,1943,7.6,8.5,57.2,14.7,7,3.6,2.2,59.3,,,,,,,,,42.7908
3/1/1977,"81,391",80604,5.33,3859,3521,17941,17771,9217.8,2063,7.4,7.9,57.4,14.5,6.7,3.4,2.1,59.6,,,,,,,,,43.4178
4/1/1977,"81,729",81539,5.37,3904,3763,18024,17910,9253.9,1892,7.2,6.9,57.6,14.4,6.9,3.2,2,60,,,,,,,,,43.84
5/1/1977,"82,089",82376,5.4,3930,3944,18107,18068,9299.1,1971,7,6.4,57.8,14.9,7,3.1,2,60.2,,,,,,,,,44.2401
6/1/1977,"82,488",83338,5.43,3962,4140,18192,18346,9343.6,1893,7.2,7.5,57.9,14.4,6.8,3.1,1.9,60.5,,,,,,,,,44.6187
7/1/1977,"82,836",82677,5.46,3981,4240,18259,18176,9372.8,2058,6.9,7,57.8,14.3,6.5,3.1,1.9,60.8,,,,,,,,,44.6338
8/1/1977,"83,074",82971,5.48,3995,4299,18276,18381,9412.6,2020,7,6.8,58,13.9,6.7,3.2,1.8,61.1,,,,,,,,,44.8369
9/1/1977,"83,532",83922,5.51,4023,4275,18334,18569,9458.1,1949,6.8,6.6,58.1,14,6.2,3.1,1.9,61.3,,,,,,,,,44.8757
10/1/1977,"83,794",84423,5.56,4034,4262,18356,18518,9499.4,2042,6.8,6.4,58.2,13.7,6.1,3,1.8,61.6,,,,,,,,,44.9911
11/1/1977,"84,173",84868,5.59,4058,4191,18419,18517,9555,2042,6.8,6.5,58.6,13.6,5.7,3,1.8,62,,,,,,,,,45.0722
12/1/1977,"84,408",85105,5.61,4087,4027,18531,18541,9607.8,2142,6.4,6,58.7,13.6,6,2.8,1.7,62.3,,,,,,,,,45.5748
1/1/1978,"84,595",83442,5.66,4029,3646,18593,18419,9641.4,1718,6.4,7.1,58.8,12.9,5.8,2.8,1.6,62.7,83.7,,,,,,,,44.9062
2/1/1978,"84,948",83738,5.69,4058,3610,18639,18448,9670,1738,6.3,6.9,58.8,12.5,5.8,2.7,1.6,63,84.3,,,,,,,,45.0488
3/1/1978,"85,461",84732,5.73,4178,3825,18699,18580,9714.1,2032,6.3,6.6,58.8,12.4,5.6,2.6,1.5,63.4,78.8,,,,,,,,45.8326
4/1/1978,"86,163",86037,5.79,4308,4162,18772,18693,9765.6,2197,6.1,5.8,59.2,12.3,5.9,2.6,1.5,63.9,81.6,,,,,,,,46.5973
5/1/1978,"86,509",86842,5.82,4302,4323,18848,18805,9826.1,2075,6,5.5,59.3,12.1,5.5,2.5,1.4,64.5,82.9,,,,,,,,46.7707
6/1/1978,"86,951",87830,5.87,4379,4566,18919,19062,9886.3,2070,5.9,6.2,59.5,12.1,5.6,2.4,1.3,65,80,,,,,,,,47.1507
7/1/1978,"87,205",87002,5.9,4403,4672,18951,18849,9926.8,2092,6.2,6.3,59.3,12,5.9,2.5,1.3,65.5,82.4,,,,,,,,47.1224
8/1/1978,"87,481",87305,5.93,4420,4725,19006,19070,9951,1996,5.9,5.9,59.4,11.4,5.9,2.4,1.2,65.9,78.4,,,,,,,,47.3799
9/1/1978,"87,618",87932,5.97,4424,4671,19068,19262,9978.1,1970,6,5.8,59.5,11.4,5.9,2.4,1.3,66.5,80.4,,,,,,,,47.6305
10/1/1978,"87,954",88549,6.03,4447,4678,19142,19279,10019.9,1981,5.8,5.4,59.7,11.7,5.4,2.4,1.3,67.1,79.3,,,,,,,,47.9861
11/1/1978,"88,391",89099,6.06,4453,4590,19257,19353,10066.1,2094,5.9,5.6,59.8,11.1,5.6,2.4,1.2,67.5,75,,,,,,,,48.4315
12/1/1978,"88,673",89408,6.1,4450,4399,19334,19363,10091.2,2044,6,5.7,59.8,10.6,5.6,2.5,1.2,67.9,66.1,,,,,,,,48.8005
1/1/1979,"88,810",87650,6.14,4373,3988,19388,19236,10120.4,1630,5.9,6.4,59.9,11.1,5.9,2.5,1.2,68.5,72.1,,,,,,,,48.3946
2/1/1979,"89,054",87889,6.18,4389,3936,19409,19253,10143,1520,5.9,6.4,60.1,11.2,4.8,2.5,1.2,69.2,73.9,,,,,,,,48.569
3/1/1979,"89,480",88792,6.22,4552,4193,19453,19366,10173.3,1847,5.8,6.1,60,11.7,5.5,2.5,1.3,69.9,68.4,,,,,,,,48.8004
4/1/1979,"89,418",89313,6.22,4516,4361,19450,19388,10179.3,1748,5.8,5.5,59.8,11,5.5,2.5,1.2,70.6,66,,,,,,,,48.042
5/1/1979,"89,791",90126,6.28,4565,4588,19509,19453,10174.2,1876,5.6,5.2,59.8,11.1,5.3,2.2,1.2,71.4,68.1,,,,,,,,48.6361
6/1/1979,"90,109",90971,6.32,4604,4790,19553,19676,10165.1,1913,5.7,6,59.9,10.4,5.7,2.2,1.1,72.2,65.8,,,,,,,,48.6868
7/1/1979,"90,215",89976,6.36,4621,4890,19531,19415,10131.7,1760,5.7,5.9,60,10.3,5.3,2.4,1.1,73,60.4,,,,,,,,48.7297
8/1/1979,"90,297",90072,6.4,4634,4935,19406,19448,10136.6,1778,6,5.9,59.8,10.6,5.8,2.6,1.1,73.7,64.5,,,,,,,,48.0716
9/1/1979,"90,325",90616,6.45,4625,4869,19442,19627,10169.3,1832,5.9,5.7,60,10.5,6,2.5,1.1,74.4,66.7,,,,,,,,48.1993
10/1/1979,"90,482",91089,6.47,4620,4853,19390,19525,10225.3,1681,6,5.6,59.9,10.5,5.8,2.6,1.2,75.2,62.1,,,,,,,,48.3661
11/1/1979,"90,576",91287,6.51,4617,4755,19299,19395,10266.7,1524,5.9,5.6,60,10.6,5.7,2.7,1.2,76,63.3,,,,,,,,48.2144
12/1/1979,"90,673",91415,6.57,4630,4590,19301,19331,10266.9,1498,6,5.7,60.1,10.8,6.4,2.7,1.2,76.9,61,,,,,,,,48.3719
1/1/1980,"90,802",89631,6.57,4625,4246,19282,19132,10268.9,1341,6.3,6.9,60,10.4,7,3,1.3,78,67,,,,,,,,48.591
2/1/1980,"90,882",89764,6.63,4605,4156,19219,19083,10293.9,1350,6.3,6.8,60,10.6,7.5,3,1.3,79,66.9,,,,,,,,48.5245
3/1/1980,"90,994",90324,6.7,4548,4194,19217,19139,10299.5,1047,6.3,6.6,59.7,11,7.7,3,1.4,80.1,56.5,,,,,,,,48.1624
4/1/1980,"90,850",90747,6.72,4473,4311,18973,18919,10235.6,1051,6.9,6.7,59.4,11.4,7.5,3.5,1.6,80.9,52.7,,,,,,,,47.1317
5/1/1980,"90,419",90763,6.76,4434,4455,18726,18665,10218.9,927,7.5,7.1,59.1,10.9,7.7,3.9,1.6,81.7,51.7,,,,,,,,45.6751
6/1/1980,"90,099",90922,6.82,4395,4572,18490,18591,10205,1196,7.6,7.8,58.9,11.3,7.5,4.1,1.6,82.5,58.7,,,,,,,,44.9566
7/1/1980,"89,837",89582,6.86,4351,4613,18276,18164,10194.1,1269,7.8,7.9,58.8,11.8,7.4,4.3,1.9,82.6,62.3,,,,,,,,44.4208
8/1/1980,"90,097",89865,6.91,4377,4670,18414,18456,10213.6,1436,7.7,7.6,58.8,12.4,7.1,4.2,2,83.2,67.3,,,,,,,,44.7799
9/1/1980,"90,210",90530,6.95,4401,4645,18445,18641,10226.1,1471,7.5,7.2,58.9,12.9,7.1,4.1,2.2,83.9,73.7,,,,,,,,45.5405
10/1/1980,"90,491",91128,7.02,4411,4647,18506,18648,10233.9,1523,7.5,7.1,58.9,13.1,7.4,4,2.1,84.7,75,,,,,,,,46.4029
11/1/1980,"90,748",91475,7.09,4409,4553,18601,18699,10253,1510,7.5,7.1,59,13.6,6.9,3.9,2.2,85.6,76.7,,,,,,,,47.2845
12/1/1980,"90,943",91661,7.13,4415,4381,18640,18653,10272,1482,7.2,6.9,59,13.7,6.6,3.9,2.2,86.4,64.5,,,,,,,,47.4036
1/1/1981,"91,037",89837,7.19,4374,4000,18639,18482,10289.3,1547,7.5,8.2,59.1,14.3,7.1,3.7,2.2,87.2,71.4,,,,,,,,47.2545
2/1/1981,"91,105",89985,7.23,4357,3910,18613,18468,10320.2,1246,7.4,8,59.2,14.1,7.2,3.8,2.2,88,66.9,,,,,,,,46.9908
3/1/1981,"91,210",90520,7.29,4396,4049,18647,18559,10330.8,1306,7.4,7.7,59.4,14,6.8,3.7,2.1,88.6,66.5,,,,,,,,47.1539
4/1/1981,"91,283",91157,7.33,4414,4249,18711,18647,10367.3,1360,7.2,7,59.6,13.9,6.8,3.6,2,89.1,72.4,,,,,,,,47.4028
5/1/1981,"91,293",91647,7.37,4343,4360,18766,18720,10381.2,1140,7.5,7.1,59.5,13.6,6.9,3.7,2,89.7,76.3,,,,,,,,47.6157
6/1/1981,"91,490",92296,7.42,4311,4482,18789,18890,10392.5,1045,7.5,7.7,59,13.7,6.9,3.8,2.1,90.5,73.1,,,,,,,,47.3593
7/1/1981,"91,602",91371,7.46,4299,4553,18785,18699,10400.4,1041,7.2,7.3,59.1,13.8,7.1,3.6,2,91.5,74.1,,,,,,,,47.4579
8/1/1981,"91,566",91378,7.53,4278,4568,18748,18812,10408.4,940,7.4,7.2,59.1,14.4,7.5,3.8,2.1,92.2,77.2,,,,,,,,47.4825
9/1/1981,"91,479",91876,7.57,4254,4503,18712,18927,10401.8,911,7.6,7.3,58.7,13.6,7.7,4,2.1,93.1,73.1,,,,,,,,47.246
10/1/1981,"91,380",92054,7.59,4238,4475,18566,18710,10388.4,873,7.9,7.5,58.8,13.5,8.1,4.1,2.1,93.4,70.3,,,,,,,,46.7946
11/1/1981,"91,171",91888,7.64,4209,4356,18409,18492,10351.8,837,8.3,7.9,58.6,13.1,8.5,4.4,2.1,93.8,62.5,,,,,,,,46.1846
12/1/1981,"90,893",91555,7.64,4177,4142,18223,18203,10326.8,910,8.5,8.3,58.2,13.1,9.5,4.8,2.2,94.1,64.3,,,,,,,,45.363
1/1/1982,"90,567",89328,7.72,4069,3703,18047,17874,10324.7,843,8.6,9.4,58.2,13.4,8.5,4.9,2.2,94.4,71,,,-0.95,,,,,44.2659
2/1/1982,"90,562",89417,7.73,4131,3687,17981,17826,10345.6,866,8.9,9.6,58.2,14.1,8.7,4.8,2.5,94.7,66.5,,,-0.44,,,,,45.4983
3/1/1982,"90,432",89710,7.76,4108,3760,17857,17762,10351.5,931,9,9.5,58.1,14.1,9.5,5.2,2.7,94.7,62,,,-0.21,,,,,45.1153
4/1/1982,"90,152",89993,7.77,4083,3916,17683,17611,10358.6,917,9.3,9.2,57.9,14.5,9.7,5.4,2.8,95,65.5,,,-0.17,,,,,44.8104
5/1/1982,"90,107",90478,7.83,4092,4107,17588,17564,10387.5,1025,9.4,9.1,58.2,14.9,10,5.4,3,95.9,67.5,,,-0.11,,,,,44.7418
6/1/1982,"89,864",90669,7.85,4030,4198,17430,17537,10393.2,902,9.6,9.8,57.8,15.7,10.2,5.6,3.1,97,65.7,,,-0.12,,,,,44.6762
7/1/1982,"89,522",89338,7.89,4001,4255,17278,17221,10400.1,1166,9.8,9.8,57.7,15.4,11.1,5.8,3.2,97.5,65.4,,,-0.15,,,,,44.6395
8/1/1982,"89,364",89212,7.94,3977,4268,17160,17249,10401,1046,9.8,9.6,57.8,16.2,9.8,5.8,3.3,97.7,65.4,,,-0.31,,,,,44.2323
9/1/1982,"89,183",89628,7.94,3962,4217,17074,17285,10386.6,1144,10.1,9.7,57.6,16.6,10.4,6.2,3.5,97.7,69.3,,,-0.3,,,,,44.1244
10/1/1982,"88,906",89598,7.96,3940,4176,16853,16988,10375.3,1173,10.4,9.9,57.4,17.2,10.9,6.6,3.8,98.1,73.4,,,-0.1,,,,,43.5899
11/1/1982,"88,783",89495,7.98,3947,4093,16722,16785,10357.4,1372,10.8,10.4,57.3,17.1,12.3,6.6,4,98,72.1,,,0.37,,,,,43.2867
12/1/1982,"88,769",89396,8.02,3948,3907,16690,16653,10368.1,1303,10.8,10.5,57.2,18.1,11.3,6.4,4.2,97.7,71.9,,,0.84,,,,,43.1352
1/1/1983,"88,993",87729,8.06,4021,3656,16705,16530,10426.4,1586,10.4,11.4,57.2,19.4,10.1,6.2,4.2,97.9,70.4,,,1.41,,,,,44.1944
2/1/1983,"88,918",87741,8.1,3964,3517,16706,16543,10435,1699,10.4,11.3,57.1,19.2,9.3,6.2,4.2,98,74.6,,,1.63,,,,,44.1582
3/1/1983,"89,090",88344,8.1,3942,3588,16711,16612,10473.8,1606,10.3,10.8,57.1,19.4,9.3,6.2,4.2,98.1,80.8,,,1.74,,,,,44.5781
4/1/1983,"89,366",89187,8.13,3948,3780,16794,16720,10504.1,1472,10.2,10,57.3,19.5,9.4,6.1,3.9,98.8,89.1,,,1.8,,,,,45.0963
5/1/1983,"89,643",90019,8.17,3960,3973,16885,16873,10536.7,1776,10.1,9.8,57.3,20.5,9.3,6.1,4.1,99.2,93.3,,,2.03,,,,,45.689
6/1/1983,"90,022",90844,8.19,4006,4177,16960,17078,10585.7,1733,10.1,10.2,57.8,20.8,8.7,5.9,4,99.4,92.2,,,2.54,,,,,46.0618
7/1/1983,"90,440",90271,8.23,4055,4313,17059,17017,10655,1785,9.4,9.4,58.1,21.2,9.1,5.5,3.9,99.8,92.8,,,2.96,,,,,46.7682
8/1/1983,"90,132",89998,8.2,4100,4398,17118,17223,10689.3,1910,9.5,9.2,58.2,20,8.3,5.5,3.6,100.1,90.9,,,2.5,,,,,47.1197
9/1/1983,"91,247",91719,8.26,4138,4401,17255,17448,10756.1,1710,9.2,8.8,58.4,20.2,8.3,5.3,3.4,100.4,89.9,,,2.77,,,,,48.0487
10/1/1983,"91,518",92233,8.31,4178,4415,17367,17486,10798.3,1715,8.8,8.4,58.4,20.2,8.2,4.9,3.3,100.8,89.3,,,3.09,,,,,48.5825
11/1/1983,"91,871",92592,8.32,4217,4358,17479,17530,10848.1,1785,8.5,8.1,58.7,19.7,9.1,4.7,3.1,101.1,91.1,,,3.37,,,,,48.7773
12/1/1983,"92,227",92863,8.33,4248,4199,17551,17516,10899.2,1688,8.3,8,58.8,19.2,7.5,4.5,3,101.4,94.2,,,2.93,,,,,48.9449
1/1/1984,"92,673",91374,8.38,4305,3941,17630,17461,10976.1,1897,8,8.8,58.8,20.4,7.5,4.3,2.9,102.1,100.1,,,3.06,,,,,49.8522
2/1/1984,"93,154",91940,8.37,4410,3954,17728,17575,11017.8,2260,7.8,8.4,59.1,19,7.3,4.2,2.7,102.6,97.4,,,3.27,,,,,50.382
3/1/1984,"93,429",92659,8.41,4393,4033,17806,17714,11056.6,1663,7.8,8.1,59.1,19.1,7.6,4.1,2.6,102.9,101,,,2.99,,,,,50.611
4/1/1984,"93,792",93614,8.45,4423,4259,17872,17803,11101.2,1851,7.7,7.6,59.3,18.9,7.2,4,2.5,103.3,96.1,,,2.64,,,,,50.8947
5/1/1984,"94,100",94489,8.44,4456,4475,17916,17901,11123.8,1774,7.4,7.2,59.7,18.8,7.2,3.8,2.5,103.5,98.1,,,2.46,,,,,51.0089
6/1/1984,"94,479",95305,8.48,4507,4681,17967,18086,11181.5,1843,7.2,7.4,59.9,18.1,7.3,3.7,2.3,103.7,95.5,,,2.41,,,,,51.2467
7/1/1984,"94,792",94607,8.52,4534,4799,18013,17967,11236.7,1732,7.5,7.5,59.8,18,6.8,3.9,2.3,104.1,96.6,,,2.17,,,,,51.4869
8/1/1984,"95,034",94888,8.52,4547,4852,18034,18140,11267.3,1586,7.5,7.3,59.6,17.3,7.1,3.7,2.3,104.4,99.1,,,1.87,,,,,51.5553
9/1/1984,"95,344",95808,8.56,4576,4845,18019,18185,11319.8,1698,7.3,7.1,59.7,17,7.1,3.7,2.2,104.7,100.9,,,1.97,,,,,51.4346
10/1/1984,"95,630",96362,8.55,4590,4829,18024,18128,11387.1,1590,7.4,7,59.7,16.7,6.9,3.8,2.2,105.1,96.3,,,1.9,,,,,51.6228
11/1/1984,"95,979",96738,8.57,4617,4750,18016,18066,11498.2,1689,7.2,6.9,59.8,17,6.9,3.6,2.1,105.3,95.7,,,1.96,,,,,51.796
12/1/1984,"96,107",96793,8.61,4652,4598,18023,18013,11495,1612,7.3,7,59.9,16.8,6.6,3.7,2.1,105.5,92.9,,,1.83,,,,,51.9795
1/1/1985,"96,373",95049,8.61,4668,4298,18009,17860,11518.2,1711,7.3,8,59.9,15.9,6.9,3.7,2,105.7,96,,,2.14,,,,,51.7792
2/1/1985,"96,497",95259,8.64,4662,4195,17966,17825,11539,1632,7.2,7.8,60,15.9,7.1,3.7,2.1,106.3,93.7,,,1.91,,,,,51.5733
3/1/1985,"96,843",96055,8.67,4730,4362,17939,17851,11628.3,1800,7.2,7.5,60.2,16.1,6.9,3.6,2.1,106.8,93.7,,,1.98,,,,,51.976
4/1/1985,"97,039",96875,8.69,4764,4606,17886,17819,11664.9,1821,7.3,7.1,60.1,16.4,7.1,3.7,2.1,107,94.6,,,1.94,,,,,51.7605
5/1/1985,"97,313",97726,8.7,4787,4815,17855,17831,11721.3,1680,7.2,7,60.1,15.3,7,3.4,2,107.2,91.8,,,2.08,,,,,51.8665
6/1/1985,"97,459",98279,8.74,4789,4965,17819,17933,11754.8,1676,7.4,7.5,59.8,15.5,6.8,3.6,2,107.5,96.5,,,1.87,,,,,51.9548
7/1/1985,"97,649",97418,8.74,4799,5067,17776,17718,11765.1,1684,7.4,7.4,59.9,15.5,6.7,3.7,2,107.7,94,,,1.83,,,,,51.6431
8/1/1985,"97,842",97667,8.77,4823,5136,17756,17853,11804.8,1743,7.1,6.9,60,15.3,6.9,3.6,2,107.9,92.4,,,1.98,,,,,51.95
9/1/1985,"98,045",98476,8.8,4852,5121,17718,17867,11818.4,1676,7.1,6.9,60.3,15.3,6.8,3.6,1.9,108.1,92.1,,,1.99,,,,,52.0342
10/1/1985,"98,233",98987,8.79,4868,5112,17708,17804,11832.5,1834,7.1,6.8,60.3,15.3,6.7,3.5,2,108.5,88.4,,,2.03,,,,,51.9032
11/1/1985,"98,442",99240,8.82,4879,5008,17697,17756,11860.8,1698,7,6.7,60.4,15.7,6.8,3.5,1.9,109,90.9,,,1.83,,,,,52.2571
12/1/1985,"98,609",99356,8.87,4887,4829,17693,17705,11887.2,1942,7,6.7,60.4,15.1,7,3.4,1.9,109.5,93.9,,,1.93,,,,,52.477
1/1/1986,"98,734",97397,8.85,4908,4531,17686,17551,11895.4,1972,6.7,7.3,60.6,14.8,6.9,3.2,1.8,109.9,95.6,,,2.02,,,,,53.0658
2/1/1986,"98,841",97590,8.88,4904,4424,17663,17535,11896.1,1848,7.2,7.8,60.3,15.2,7.1,3.5,2,109.7,95.9,,,1.49,,,,,52.7997
3/1/1986,"98,935",98138,8.89,4914,4538,17624,17536,11960,1876,7.2,7.5,60.5,14.6,7.4,3.6,1.9,109.1,95.1,,,1.27,,,,,52.6316
4/1/1986,"99,122",98973,8.89,4950,4797,17616,17546,11991,1933,7.1,7,60.5,14.7,7,3.4,1.8,108.7,96.2,,,1.43,,,,,52.7276
5/1/1986,"99,249",99667,8.9,4924,4960,17593,17559,12035.8,1854,7.2,7,60.5,14.7,7.1,3.6,1.9,109,94.8,,,1.46,,,,,52.8095
6/1/1986,"99,155",99973,8.91,4917,5098,17530,17637,12051.8,1847,7.2,7.3,60.7,15.2,7.1,3.6,2,109.4,99.3,,,1.41,,,,,52.6339
7/1/1986,"99,473",99219,8.92,4930,5206,17497,17431,12103.2,1782,7,7,60.8,15.2,6.9,3.5,1.9,109.5,97.7,,,1.53,,,,,52.8851
8/1/1986,"99,587",99393,8.94,4943,5265,17489,17576,12150.4,1807,6.9,6.7,60.8,15.5,6.6,3.3,1.9,109.6,94.9,,,1.46,,,,,53.0672
9/1/1986,"99,934",100317,8.94,4939,5207,17498,17635,12193.7,1687,7,6.8,60.8,15.4,6.6,3.4,2,110,91.9,,,1.7,,,,,53.1738
10/1/1986,"100,120",100886,8.96,4954,5199,17477,17570,12207.7,1681,7,6.6,60.9,15.2,7.1,3.4,1.8,110.2,95.6,,,1.64,,,,,53.3843
11/1/1986,"100,306",101141,9,4960,5087,17472,17541,12223,1623,6.9,6.6,60.9,15,6.6,3.3,1.9,110.4,91.4,,,1.68,,,,,53.632
12/1/1986,"100,511",101300,9.01,4993,4932,17478,17505,12234.7,1833,6.6,6.3,61,15,6.5,3.3,1.8,110.8,89.1,,,2.22,,,,,54.0939
1/1/1987,"100,683",99334,9.02,5007,4622,17465,17339,12222.7,1774,6.6,7.3,61,14.9,6.5,3.3,1.8,111.4,90.4,,,1.69,,,,,53.9325
2/1/1987,"100,915",99657,9.05,5038,4550,17499,17377,12248.1,1784,6.6,7.2,61.1,14.7,6.4,3.2,1.8,111.8,90.2,,,1.86,,,,,54.7196
3/1/1987,"101,164",100367,9.07,5039,4655,17507,17414,12304.9,1726,6.6,6.9,61.2,14.9,6,3.2,1.7,112.2,90.8,,,1.8,,,,,54.748
4/1/1987,"101,502",101369,9.08,5053,4904,17525,17452,12353.5,1614,6.3,6.2,61.3,14.8,6.3,3.1,1.8,112.7,92.8,,,2,,,,,55.0792
5/1/1987,"101,728",102135,9.11,5080,5118,17542,17503,12372.9,1628,6.3,6.1,61.6,14.9,6.2,3,1.8,113,91.1,,,2.11,,,,,55.4726
6/1/1987,"101,900",102742,9.11,5086,5274,17537,17639,12410.3,1594,6.2,6.3,61.4,14.9,6,3,1.7,113.5,91.5,,,1.87,,,,,55.6505
7/1/1987,"102,247",101990,9.12,5092,5378,17593,17528,12448.7,1575,6.1,6.1,61.6,14.2,6.2,2.9,1.6,113.8,93.7,,,2.11,,,,,56.092
8/1/1987,"102,418",102219,9.18,5102,5432,17630,17716,12458.7,1605,6,5.8,61.8,14.4,6.3,2.8,1.6,114.3,94.4,,,1.95,,,,,56.4482
9/1/1987,"102,646",102986,9.19,5096,5362,17691,17823,12489.4,1695,5.9,5.7,61.6,14.2,6.4,2.8,1.6,114.7,93.6,,,1.98,,,,,56.7804
10/1/1987,"103,138",103893,9.22,5142,5386,17729,17821,12555.8,1515,6,5.7,61.8,14,5.9,2.9,1.5,115,89.3,,,2.04,,,,,57.7248
11/1/1987,"103,370",104232,9.27,5152,5281,17775,17855,12579.6,1656,5.8,5.6,61.9,14,5.9,2.7,1.5,115.4,83.1,,,2.09,,,,,58.0428
12/1/1987,"103,664",104472,9.28,5180,5112,17809,17841,12589.7,1400,5.7,5.4,62,14.2,5.8,2.6,1.5,115.6,86.8,,,1.99,,,,,58.4289
1/1/1988,"103,758",102380,9.29,5094,4703,17790,17669,12578.7,1271,5.7,6.3,62,14.2,6.1,2.6,1.4,116,90.8,,,1.37,,,,,58.318
2/1/1988,"104,211",102951,9.29,5162,4668,17823,17700,12669.7,1473,5.7,6.2,62.1,14.4,5.9,2.6,1.4,116.2,91.6,,,2,,,,,58.4858
3/1/1988,"104,487",103693,9.31,5201,4812,17844,17743,12703.8,1532,5.7,5.9,61.9,13.7,5.7,2.6,1.4,116.5,94.6,,,2.12,,,,,58.679
4/1/1988,"104,732",104587,9.36,5227,5079,17874,17796,12735.3,1573,5.4,5.3,62.2,13.3,5.6,2.4,1.3,117.2,91.2,,,2.27,,,,,59.2056
5/1/1988,"104,961",105347,9.41,5228,5263,17892,17848,12776.1,1421,5.6,5.4,62,13.8,5.7,2.7,1.4,117.5,94.8,,,1.94,,,,,59.1296
6/1/1988,"105,324",106208,9.42,5261,5457,17916,18017,12825.8,1478,5.4,5.5,62.3,13.1,5.9,2.6,1.3,118,94.7,,,2.21,,,,,59.2533
7/1/1988,"105,546",105315,9.45,5270,5566,17926,17867,12864,1467,5.4,5.5,62.3,13.4,5.6,2.6,1.3,118.5,93.4,,,2.02,,,,,59.2561
8/1/1988,"105,670",105477,9.46,5268,5604,17891,17985,12895,1493,5.6,5.4,62.4,13.6,5.4,2.5,1.3,119,97.4,,,1.78,,,,,59.3052
9/1/1988,"106,009",106341,9.51,5270,5538,17914,18046,12908.8,1492,5.4,5.2,62.4,13.6,5.4,2.5,1.3,119.5,97.3,,,1.58,,,,,59.5225
10/1/1988,"106,277",107013,9.56,5262,5502,17966,18061,12903.6,1522,5.4,5,62.5,13.4,5.4,2.5,1.3,119.9,94.1,,,1.99,,,,,59.8049
11/1/1988,"106,616",107500,9.58,5273,5401,18003,18086,12910.8,1569,5.3,5.2,62.7,12.6,5.3,2.5,1.2,120.3,93,,,2.08,,,,,59.9806
12/1/1988,"106,906",107722,9.6,5277,5205,18025,18056,12927.5,1563,5.3,5,62.6,12.9,5.4,2.5,1.2,120.7,91.9,,,1.92,,,,,60.2634
1/1/1989,"107,168",105743,9.65,5289,4891,18057,17939,12962.7,1621,5.4,6,62.9,12.6,5.6,2.5,1.2,121.2,97.9,,,1.89,,,,,60.7966
2/1/1989,"107,426",106170,9.68,5278,4785,18055,17925,13000.5,1425,5.2,5.6,62.9,12.4,5,2.3,1.1,121.6,95.4,,,1.75,,,,,60.1629
3/1/1989,"107,619",106813,9.7,5260,4866,18060,17949,13078,1422,5,5.2,62.9,12.3,4.9,2.3,1.1,122.2,94.3,,,1.64,,,,,60.0705
4/1/1989,"107,792",107611,9.75,5295,5143,18055,17968,13092.4,1339,5.2,5.1,62.9,12.5,4.9,2.4,1.1,123.1,91.5,,,1.49,,,,,60.2427
5/1/1989,"107,910",108294,9.73,5299,5334,18040,17996,13128.3,1331,5.2,5,62.9,12,4.8,2.2,1.1,123.7,90.7,,,1.1,,,,,59.6578
6/1/1989,"108,026",108937,9.77,5298,5499,18013,18111,13154.5,1397,5.3,5.5,63,11.1,4.9,2.3,1,124.1,90.6,,,0.85,,,,,59.8103
7/1/1989,"108,066",107848,9.82,5317,5617,17980,17930,13159,1427,5.2,5.3,63,11.8,5.1,2.4,1.2,124.5,92,,,0.73,,,,,59.1345
8/1/1989,"108,115",107927,9.83,5330,5671,17964,18070,13185.5,1332,5.2,5.1,63.1,11.4,5.3,2.4,1,124.5,89.6,,,1.02,,,,,59.6846
9/1/1989,"108,365",108724,9.87,5323,5597,17922,18062,13171.9,1279,5.3,5.1,62.8,11.5,5.1,2.4,1.1,124.8,95.8,,,1.03,,,,,59.535
10/1/1989,"108,476",109217,9.93,5347,5586,17895,17997,13139.2,1410,5.3,5,62.9,11.9,4.8,2.4,1.1,125.4,93.9,,,0.95,,,,,59.4232
11/1/1989,"108,753",109657,9.93,5364,5490,17886,17967,13139.7,1351,5.4,5.2,63,11.7,5.2,2.5,1.1,125.9,90.9,,,1.15,,,,,59.5449
12/1/1989,"108,849",109666,9.98,5309,5231,17881,17909,13072,1251,5.4,5.1,63,11.6,5.2,2.5,1.1,126.3,90.5,,,1.18,,,,,59.6053
1/1/1990,"109,184",107573,10.02,5422,4974,17797,17649,13257.4,1551,5.4,6,63.2,11.8,5.4,2.5,1.1,127.5,93,,,1.62,,,,,59.4582
2/1/1990,"109,432",108069,10.07,5416,4933,17893,17727,13223.9,1437,5.3,5.9,63.2,11.6,5.4,2.4,1.1,128,89.5,,,1.35,,,0.18,,60.3535
3/1/1990,"109,647",108724,10.11,5392,4989,17868,17723,13226.2,1289,5.2,5.5,63.2,11.7,5.6,2.4,1.1,128.6,91.3,,,1.61,,,0.06,,60.6756
4/1/1990,"109,687",109365,10.12,5355,5174,17845,17734,13238,1248,5.4,5.3,63,11.8,5.8,2.5,1.1,128.9,93.9,,,1.25,,,0.25,,60.5319
5/1/1990,"109,840",110270,10.16,5321,5370,17797,17748,13210.7,1212,5.4,5.2,63.1,11.7,5.7,2.5,1.1,129.1,90.6,,,1.04,,,-0.01,,60.6257
6/1/1990,"109,865",110837,10.2,5303,5523,17776,17870,13197.8,1177,5.2,5.4,62.9,11.6,5.9,2.5,1.1,129.9,88.3,,,1,,,-0.03,,60.826
7/1/1990,"109,829",109568,10.22,5274,5580,17704,17691,13192.2,1171,5.5,5.6,62.8,11.9,6,2.6,1.2,130.5,88.2,,,0.57,,,-0.13,,60.7183
8/1/1990,"109,619",109450,10.24,5234,5581,17649,17803,13159.9,1115,5.7,5.5,62.7,12.2,6.2,2.8,1.3,131.6,76.4,,,0.35,,,0.2,,60.9047
9/1/1990,"109,517",110045,10.28,5197,5487,17609,17786,13144.4,1110,5.9,5.6,62.5,12.4,6.7,2.9,1.3,132.5,72.8,,,-0.2,,,0.59,,60.9152
10/1/1990,"109,370",110242,10.3,5134,5379,17577,17694,13133.7,1014,5.9,5.5,62.5,12.2,6.6,3,1.3,133.4,63.9,,,-0.17,,,0.81,,60.4094
11/1/1990,"109,220",110205,10.32,5095,5208,17428,17501,13119.7,1145,6.2,5.9,62.3,12.4,6.4,3.1,1.5,133.7,66,,,-0.37,,,0.82,,59.7349
12/1/1990,"109,163",109976,10.35,5047,4963,17395,17413,13088.6,969,6.3,6,62.2,12.5,6.9,3.1,1.4,134.2,65.5,,,-0.39,,,1.02,,59.2756
1/1/1991,"109,042",107426,10.38,4972,4530,17330,17184,13072.7,798,6.4,7.1,62,12.2,7,3.4,1.5,134.7,66.8,,,-0.31,,,0.9,,58.8383
2/1/1991,"108,735",107394,10.39,4929,4451,17211,17053,12994.9,965,6.6,7.3,61.9,12.7,7.3,3.5,1.6,134.8,70.4,,,-0.39,,,0.65,,58.4327
3/1/1991,"108,577",107683,10.41,4881,4485,17140,17001,12963.9,921,6.8,7.2,61.8,12.9,6.8,3.7,1.7,134.8,87.7,,,-0.39,,,0.29,,58.0488
4/1/1991,"108,365",108072,10.46,4842,4666,17093,16987,12906.1,1001,6.7,6.5,62,13.5,7.2,3.6,1.7,135.1,81.8,,,-0.01,,,0.22,,58.2537
5/1/1991,"108,249",108754,10.49,4800,4853,17070,17037,12880.5,996,6.9,6.7,61.6,12.9,7.5,3.7,1.8,135.6,78.3,,,0.39,,,-0.02,,58.6787
6/1/1991,"108,337",109235,10.51,4782,4990,17044,17134,12877.8,1036,6.9,7,61.7,13.7,7.8,3.8,2,136,82.1,,,0.79,,,0.17,,59.3255
7/1/1991,"108,297",108033,10.54,4752,5053,17015,17001,12870.4,1063,6.8,6.8,61.6,13.8,8.1,3.8,1.9,136.2,82.9,,,1.17,,,0.04,,59.5402
8/1/1991,"108,314",108125,10.56,4733,5073,17025,17175,12872.3,1049,6.9,6.6,61.5,13.9,8.2,3.8,2,136.6,82,,,0.83,,,-0.18,,59.6334
9/1/1991,"108,334",108842,10.58,4728,5011,17010,17178,12853.4,1015,6.9,6.5,61.6,14,8.3,3.8,2,137,83,,,0.88,,,-0.13,,60.3136
10/1/1991,"108,359",109212,10.59,4698,4939,16999,17110,12834.2,1079,7,6.5,61.5,14.4,8.5,3.8,2.1,137.2,78.3,,,0.75,,,-0.13,,60.1967
11/1/1991,"108,303",109229,10.61,4640,4751,16961,17027,12819.1,1103,7,6.7,61.4,14.8,8.8,3.8,2.1,137.8,69.1,,,0.63,,,-0.08,,60.086
12/1/1991,"108,325",109113,10.64,4647,4562,16916,16932,12819.9,1079,7.3,6.9,61.2,15.4,8.7,4,2.3,138.2,68.2,,,0.65,,,-0.03,,59.988
1/1/1992,"108,374",106726,10.65,4667,4235,16839,16703,12816.2,1176,7.3,8.1,61.5,16.1,8.6,4,2.4,138.3,67.5,118643,146913,0.75,,,-0.06,,59.6307
2/1/1992,"108,317",106979,10.67,4612,4146,16829,16679,12821.5,1250,7.4,8.2,61.3,16.7,8.8,4.2,2.5,138.6,68.8,118514,147270,0.93,,,-0.24,114535,60.2058
3/1/1992,"108,369",107498,10.69,4621,4231,16805,16677,12820.5,1297,7.4,7.8,61.5,17.1,8.6,4.2,2.5,139.1,76,117719,146831,1.09,,,-0.36,120025,60.8469
4/1/1992,"108,526",108333,10.72,4603,4450,16831,16733,12840.1,1099,7.4,7.2,61.6,17.4,9,4.2,2.4,139.4,77.2,118192,148082,1.18,,,-0.46,124470,61.1961
5/1/1992,"108,653",109140,10.74,4605,4663,16835,16795,12837.4,1214,7.6,7.3,61.5,17.8,9,4.4,2.7,139.7,79.2,118552,149015,1.31,,,-0.7,125822,61.5514
6/1/1992,"108,718",109629,10.77,4584,4791,16826,16917,12845.1,1145,7.8,8,61.5,18.2,9.3,4.4,2.9,140.1,80.4,118557,149821,1.26,,,-0.63,122834,61.7374
7/1/1992,"108,792",108611,10.79,4570,4869,16819,16813,12822.6,1139,7.7,7.7,61.6,18.1,8.6,4.3,2.8,140.5,76.6,119078,150809,1.12,,,-0.47,122590,62.3059
8/1/1992,"108,927",108667,10.82,4581,4918,16783,16905,12813.8,1226,7.6,7.4,61.6,18,8.5,4.2,2.8,140.8,76.1,119174,151064,1.22,,,-0.44,120411,62.0639
9/1/1992,"108,959",109452,10.82,4584,4861,16761,16914,12816.3,1186,7.6,7.3,61.4,18.1,8.5,4.3,2.7,141.1,75.6,120062,152595,1.39,,,-0.46,120711,62.1188
10/1/1992,"109,145",110039,10.86,4600,4853,16751,16845,12833.9,1244,7.3,6.9,61.3,18.9,8.4,4.3,2.7,141.7,73.3,120452,153577,1.74,,,-0.16,127392,62.5421
11/1/1992,"109,277",110280,10.87,4606,4730,16758,16822,12828.2,1214,7.4,7.1,61.4,17.9,8.1,4.1,2.6,142.1,85.3,120355,153605,1.74,,,-0.27,122374,62.8185
12/1/1992,"109,494",110269,10.9,4630,4544,16769,16781,12837.3,1227,7.4,7.1,61.4,19,8.3,4,2.8,142.3,91,121571,155504,2.22,,,-0.44,126080,62.7356
1/1/1993,"109,804",108103,10.93,4664,4233,16791,16661,12885.1,1210,7.3,8,61.4,18.3,8.2,3.9,2.6,142.8,89.3,122604,157525,1.84,,,-0.49,121637,63.3254
2/1/1993,"110,051",108706,10.95,4714,4247,16805,16671,12938.6,1210,7.1,7.8,61.4,18.2,8.2,3.8,2.5,143.1,86.6,121433,156292,2.16,,,-0.55,128854,63.4607
3/1/1993,"109,997",109140,10.99,4676,4287,16795,16681,12924.1,1083,7,7.4,61.5,17.6,8.3,3.9,2.4,143.3,85.9,120257,154774,1.7,,,-0.43,126762,63.3099
4/1/1993,"110,304",110144,10.99,4690,4542,16772,16684,12945.3,1258,7.1,6.9,61.5,17.6,8,3.9,2.3,143.8,85.6,122925,158996,1.75,,,-0.26,127395,63.6661
5/1/1993,"110,573",111107,11.02,4753,4816,16766,16733,12965.1,1260,7.1,6.8,61.7,17.5,8.3,3.8,2.4,144.2,80.3,123748,160624,1.53,,,-0.52,126529,63.6318
6/1/1993,"110,749",111698,11.03,4760,4968,16742,16834,12998,1280,7,7.2,61.8,17.8,8.3,3.8,2.4,144.3,81.5,123493,160171,1.64,,,-0.61,130212,63.4982
7/1/1993,"111,055",110829,11.05,4783,5085,16739,16726,13028,1254,6.9,7,61.8,17.7,8.6,3.8,2.4,144.5,77,125093,162832,1.91,,,-0.68,128111,63.692
8/1/1993,"111,210",110940,11.07,4806,5138,16741,16853,13054.4,1300,6.8,6.6,62,18,9.2,3.8,2.3,144.8,77.3,124787,162491,1.97,,,-0.79,129378,63.5977
9/1/1993,"111,455",111929,11.1,4823,5094,16769,16891,13082.3,1343,6.7,6.4,61.7,18.1,9.3,3.7,2.4,145,77.9,125379,163285,2.01,,,-0.69,127233,64.0222
10/1/1993,"111,741",112596,11.13,4868,5105,16778,16869,13118.4,1392,6.8,6.4,61.8,18.1,9.1,3.7,2.3,145.6,82.7,125625,164711,1.73,,,-0.58,133168,64.5923
11/1/1993,"111,991",112939,11.15,4887,5012,16800,16856,13125.7,1376,6.6,6.2,61.9,18.6,9.2,3.5,2.3,146,81.2,126538,166593,2.08,,,-0.65,130391,64.8567
12/1/1993,"112,314",113089,11.18,4925,4826,16815,16824,13167.2,1533,6.5,6.1,62,18.3,9.3,3.4,2.3,146.3,88.2,127368,168101,2.27,,,-0.85,133565,65.2536
1/1/1994,"112,590",110839,11.21,4940,4500,16855,16722,13183.8,1272,6.6,7.3,62.2,18.6,9,3.3,2.3,146.3,94.3,126540,167504,1.93,,,-0.99,138498,65.3604
2/1/1994,"112,788",111419,11.25,4923,4454,16862,16744,13257.8,1337,6.6,7.1,62.3,19,8.9,3.2,2.4,146.7,93.2,128205,169652,1.94,,,-0.88,137141,65.4466
3/1/1994,"113,249",112394,11.25,4990,4602,16897,16799,13323.9,1564,6.5,6.8,62.1,19,9.2,3.1,2.3,147.1,91.5,130243,172775,1.94,,,-0.78,136548,66.3352
4/1/1994,"113,596",113474,11.27,5047,4905,16933,16855,13366.2,1465,6.4,6.2,62.3,19,10,2.9,2.2,147.2,92.6,130185,173099,2.09,,,-0.65,140336,66.899
5/1/1994,"113,929",114486,11.29,5084,5149,16962,16932,13400,1526,6.1,5.9,62.5,19.5,9,2.7,2.2,147.5,92.8,129451,172340,2.07,,,-0.91,142630,67.3803
6/1/1994,"114,248",115276,11.31,5097,5316,17010,17103,13449.3,1409,6.1,6.2,62.3,18.8,8.7,2.9,2.1,147.9,91.2,130626,174307,2.16,,,-0.91,145063,67.5969
7/1/1994,"114,618",114331,11.34,5125,5430,17026,16991,13514.2,1439,6.1,6.2,62.3,19,8,2.9,2.2,148.4,89,130568,174801,2.14,,,-0.99,145013,67.9178
8/1/1994,"114,900",114639,11.36,5139,5469,17081,17183,13560.4,1450,6,5.9,62.6,18.8,8.1,2.9,2.1,149,91.7,131649,177289,2.39,,,-1.05,145884,68.4268
9/1/1994,"115,260",115699,11.39,5175,5444,17115,17222,13620.5,1474,5.9,5.6,62.7,18.7,8.3,2.8,2.1,149.3,91.5,132454,178776,2.07,,,-0.88,145487,68.7377
10/1/1994,"115,469",116324,11.42,5177,5412,17144,17226,13664.6,1450,5.8,5.4,62.9,19.3,8.3,2.7,2.2,149.4,92.7,133587,180569,2.07,,,-0.9,149547,69.4749
11/1/1994,"115,876",116932,11.45,5210,5336,17186,17238,13735.1,1511,5.6,5.3,63,18,9.1,2.7,2,149.8,91.6,133326,180695,2.15,,,-0.8,150038,70.0231
12/1/1994,"116,168",116970,11.47,5226,5124,17217,17230,13759.7,1455,5.5,5.1,63.1,17.8,7.9,2.6,1.9,150.1,95.1,133691,181492,2.11,,,-0.5,152489,70.8196
1/1/1995,"116,495",114662,11.48,5234,4788,17262,17133,13811.1,1407,5.6,6.2,63,17.1,8.5,2.7,1.8,150.5,97.6,133942,182423,1.98,,,-0.65,150459,70.9554
2/1/1995,"116,693",115320,11.53,5192,4716,17265,17158,13846.9,1316,5.4,5.9,63.1,17,8.3,2.6,1.8,150.9,95.1,131467,179472,1.63,,,-0.9,153856,70.7548
3/1/1995,"116,912",116076,11.55,5242,4857,17263,17177,13819.4,1249,5.4,5.7,63.1,17.3,7.9,2.6,1.7,151.2,90.3,132427,180996,1.54,,,-0.73,152888,70.9264
4/1/1995,"117,074",116909,11.56,5252,5097,17278,17206,13872.6,1267,5.8,5.6,63.1,17.6,8.2,2.6,1.9,151.8,92.5,132443,181702,1.15,,,-0.83,151401,70.8687
5/1/1995,"117,057",117632,11.59,5220,5283,17259,17234,13868.4,1314,5.6,5.5,62.7,17,8,2.7,2,152.1,89.8,133460,183543,0.99,,,-0.9,152838,70.9621
6/1/1995,"117,297",118348,11.63,5250,5472,17247,17342,13897.3,1281,5.6,5.8,62.7,15.9,8.3,2.6,1.7,152.4,92.7,134847,186088,1.09,,,-0.74,150051,71.3087
7/1/1995,"117,389",117113,11.67,5262,5571,17218,17177,13907.5,1461,5.7,5.9,62.8,16.5,8.3,2.6,1.7,152.6,94.4,134311,185470,1.08,,,-0.79,148915,70.8461
8/1/1995,"117,641",117377,11.69,5286,5615,17240,17335,13922.9,1416,5.7,5.6,62.8,16.2,7.8,2.6,1.8,152.9,96.2,135075,186814,1.56,,,-0.78,154372,71.6807
9/1/1995,"117,893",118292,11.73,5324,5589,17247,17341,13939.8,1369,5.6,5.4,62.9,16.2,8.3,2.6,1.7,153.1,88.9,135191,187338,1.42,,,-0.84,160175,72.3334
10/1/1995,"118,045",118893,11.75,5353,5584,17216,17290,13940,1369,5.5,5.2,62.9,16,8.6,2.7,1.7,153.5,90.2,134304,186546,1.67,,,-0.56,155473,72.3246
11/1/1995,"118,191",119132,11.78,5358,5468,17209,17248,13953.8,1452,5.6,5.3,62.8,16.4,8.6,2.7,1.8,153.7,88.2,135759,189052,1.39,,,-0.76,156146,72.4076
12/1/1995,"118,323",119130,11.81,5344,5249,17231,17251,13965.3,1431,5.6,5.2,62.7,16.3,8.3,2.6,1.8,153.9,91,136734,190809,1.37,,,-0.7,163279,72.7291
1/1/1996,"118,310",116431,11.87,5355,4907,17208,17083,13969.8,1467,5.6,6.3,62.7,16.1,8.3,2.7,1.8,154.7,89.3,134926,189167,1.36,,,-0.61,155806,72.1826
2/1/1996,"118,735",117370,11.87,5415,4943,17229,17130,14002.3,1491,5.5,6,62.9,16.4,8.4,2.7,1.7,155,88.5,136781,192269,1.35,,,-0.73,150773,73.3495
3/1/1996,"119,000",118175,11.89,5446,5066,17193,17113,14030.9,1424,5.5,5.8,63,17.3,8.5,2.6,1.8,155.5,93.7,137527,193993,1.31,,,-0.62,164976,73.1959
4/1/1996,"119,165",119013,11.96,5474,5322,17204,17137,14031.4,1516,5.6,5.4,63,17.6,8.3,2.8,1.8,156.1,92.7,137504,194712,1.57,,,-0.68,156830,74.048
5/1/1996,"119,491",120140,11.98,5498,5561,17222,17210,14104.4,1504,5.6,5.4,63,17,7.7,2.6,1.8,156.4,89.4,138302,196210,1.71,,,-0.91,164502,74.6287
6/1/1996,"119,772",120804,12.04,5534,5753,17226,17323,14132.8,1467,5.3,5.5,63.2,17.6,7.8,2.5,1.8,156.7,92.4,137881,196127,2.01,,,-0.8,164599,75.4509
7/1/1996,"120,023",119767,12.06,5557,5872,17223,17181,14163.3,1472,5.5,5.6,63.3,16.7,7.8,2.5,1.7,157,94.7,137818,196229,1.91,,,-0.74,163588,75.6403
8/1/1996,"120,208",120059,12.09,5586,5913,17255,17362,14182.7,1557,5.1,5.1,63.3,17.3,8.1,2.3,1.7,157.2,95.3,137630,196215,1.93,,,-0.81,157310,76.0408
9/1/1996,"120,421",120804,12.14,5610,5872,17252,17348,14208.5,1475,5.2,5,63.4,16.8,7.9,2.4,1.7,157.7,94.7,139023,198843,1.68,,,-0.83,165442,76.7086
10/1/1996,"120,682",121524,12.16,5643,5867,17268,17333,14260,1392,5.2,4.9,63.5,16.3,8.3,2.3,1.7,158.2,96.5,139721,200488,1.58,,,-0.88,165266,76.5703
11/1/1996,"120,977",121984,12.2,5668,5775,17277,17312,14285,1489,5.4,5,63.4,15.9,8,2.5,1.6,158.7,99.2,139250,200200,1.43,,,-0.85,170783,77.2263
12/1/1996,"121,148",121963,12.25,5675,5576,17284,17308,14322.4,1370,5.4,5,63.4,15.6,8,2.3,1.6,159.1,96.9,139471,201191,1.38,,,-0.65,162332,77.8896
1/1/1997,"121,379",119421,12.29,5675,5232,17297,17183,14289,1355,5.3,5.9,63.4,16,8.3,2.4,1.6,159.4,97.4,140228,202414,1.55,,,-0.78,161827,77.9205
2/1/1997,"121,687",120282,12.32,5722,5260,17316,17223,14291.7,1486,5.2,5.7,63.4,15.8,7.8,2.3,1.6,159.7,99.7,141145,204273,1.77,,,-0.83,170221,79.0224
3/1/1997,"121,999",121165,12.36,5751,5376,17340,17268,14325.1,1457,5.2,5.5,63.6,15.5,8.2,2.3,1.6,159.8,100,141512,204965,1.97,,,-0.71,167568,79.8909
4/1/1997,"122,291",122140,12.39,5764,5614,17349,17288,14339.2,1492,5.1,4.8,63.7,15.6,7.7,2.3,1.6,159.9,101.4,140455,203372,1.85,,,-0.71,174054,79.722
5/1/1997,"122,554",123221,12.43,5793,5855,17362,17356,14348,1442,4.9,4.7,63.8,15.4,7.6,2.2,1.6,159.9,103.2,139403,201676,1.97,,,-0.6,168586,80.342
6/1/1997,"122,818",123870,12.46,5793,6017,17387,17485,14363.6,1494,5,5.2,63.7,15.5,7.5,2.3,1.5,160.2,104.5,141104,204666,1.87,,,-0.48,174828,80.8541
7/1/1997,"123,121",122886,12.5,5817,6137,17389,17352,14379.5,1437,4.9,5,63.9,16.4,7.4,2.1,1.6,160.4,107.1,142605,207049,1.99,,,-0.71,178860,81.375
8/1/1997,"123,099",122954,12.57,5846,6172,17452,17553,14408.3,1390,4.8,4.8,63.9,16,7,2.2,1.5,160.8,104.4,142610,207643,1.54,,,-0.63,177302,82.4485
9/1/1997,"123,598",123958,12.6,5874,6127,17465,17550,14422.8,1546,4.9,4.7,63.9,15.9,6.8,2.2,1.5,161.2,106,142856,208298,1.88,,,-0.51,177835,83.1636
10/1/1997,"123,942",124861,12.67,5883,6117,17513,17563,14464.2,1520,4.7,4.4,63.9,16.1,6.7,2.1,1.4,161.5,105.6,142305,208064,1.97,,,-0.36,177801,83.8747
11/1/1997,"124,241",125255,12.72,5899,6013,17556,17597,14503,1510,4.6,4.3,64.1,15.4,6,2.1,1.3,161.7,107.2,142539,208982,2,,,-0.01,191187,84.8225
12/1/1997,"124,559",125393,12.76,5938,5838,17588,17613,14535.9,1566,4.7,4.4,64,15.9,6.9,2.2,1.4,161.8,102.1,142891,209379,2.02,,,-0.03,173770,85.181
1/1/1998,"124,831",122842,12.79,5983,5544,17619,17511,14519.3,1525,4.6,5.2,64,15.6,6.7,2.1,1.3,162,106.6,142966,209684,1.81,,,-0.01,174288,85.94
2/1/1998,"125,029",123618,12.84,5997,5542,17627,17536,14511.9,1584,4.6,5,64,15.4,6.8,2.1,1.3,162,110.4,143002,209532,1.8,,,-0.35,181270,86.0001
3/1/1998,"125,174",124341,12.88,5969,5602,17637,17569,14510.4,1567,4.7,5,64,14.5,6.7,2.2,1.3,162,106.5,143854,210792,1.58,,,-0.24,176886,85.8567
4/1/1998,"125,454",125382,12.92,6049,5919,17637,17580,14529.1,1540,4.3,4.1,64.1,14.7,5.8,2,1.1,162.2,108.7,145485,213623,1.83,,,-0.07,180915,86.2574
5/1/1998,"125,856",126466,12.97,6087,6147,17624,17607,14574.9,1536,4.4,4.2,64.1,14.7,6.6,2.1,1.1,162.6,106.5,145790,214619,1.92,,,-0.42,180634,86.7062
6/1/1998,"126,079",127129,12.99,6130,6356,17608,17709,14595.4,1641,4.5,4.7,64,14.1,6.8,2,1.2,162.8,105.6,146780,216324,1.6,,,-0.23,172189,85.9964
7/1/1998,"126,209",126057,13.01,6172,6496,17422,17404,14622.4,1698,4.5,4.7,64,14.1,6.9,2,1.1,163.2,105.2,145480,214853,1.57,,,-0.13,170459,85.5919
8/1/1998,"126,549",126299,13.07,6215,6541,17563,17640,14636.2,1614,4.5,4.5,63.9,13.7,6.8,2,1.2,163.4,104.4,144683,213669,1.61,,,0.39,179033,87.7755
9/1/1998,"126,767",127108,13.11,6225,6468,17557,17632,14670.3,1582,4.6,4.4,64.2,14.4,6.8,2.1,1.2,163.5,100.9,145897,215712,1.89,,,1.03,181422,87.6385
10/1/1998,"126,968",127887,13.15,6262,6490,17512,17551,14679.9,1715,4.5,4.2,64.1,14.1,6.2,2.1,1.1,163.9,97.4,147975,219465,1.62,,,1.49,178527,88.493
11/1/1998,"127,241",128290,13.18,6301,6410,17465,17502,14707.9,1660,4.4,4.1,64.2,14.5,6.5,2,1.1,164.1,102.7,148877,221150,1.67,,,0.74,182400,88.6215
12/1/1998,"127,608",128459,13.22,6378,6277,17449,17475,14748.9,1792,4.4,4,64.3,14,6.3,2,1.1,164.4,100.5,149986,223226,1.79,,,0.84,178424,89.156
1/1/1999,"127,725",125708,13.27,6357,5912,17427,17324,14771.9,1748,4.3,4.8,64.4,13.4,5.8,2,1.1,164.7,103.9,149903,224020,1.57,,,0.81,186527,89.4451
2/1/1999,"128,135",126696,13.3,6429,5972,17395,17305,14839.3,1670,4.4,4.7,64.2,13.8,6.5,2,1.1,164.7,108.1,151494,226240,1.79,,,0.7,185546,90.235
3/1/1999,"128,242",127409,13.33,6402,6042,17368,17303,14857.3,1710,4.2,4.4,64.2,13.4,6,1.9,1.1,164.8,105.7,152098,227407,1.78,,,0.53,184689,90.1711
4/1/1999,"128,614",128555,13.38,6480,6355,17344,17291,14904.8,1553,4.3,4.1,64.2,13.3,6.1,1.9,1.1,165.9,104.6,152151,228978,1.74,,,0.55,182993,90.5551
5/1/1999,"128,825",129423,13.43,6516,6569,17333,17316,14935,1611,4.2,4,64.3,13.4,6.2,1.9,1.1,166,106.8,153457,231238,1.62,,,0.2,185963,91.3973
6/1/1999,"129,089",130150,13.47,6547,6777,17295,17394,14959.6,1559,4.3,4.5,64.2,14.3,5.8,1.9,1.2,166,107.3,153899,231926,1.6,,,0.23,182590,91.1194
7/1/1999,"129,417",129280,13.52,6571,6904,17308,17303,14995.5,1669,4.3,4.5,64.2,13.6,5.8,1.9,1.1,166.7,106,154434,233933,1.78,,,0.32,189083,91.5832
8/1/1999,"129,571",129336,13.54,6586,6912,17287,17363,15013.4,1648,4.2,4.2,64.2,13.1,6.1,1.9,1,167.1,104.5,155747,236589,1.67,,,0.48,189414,92.0483
9/1/1999,"129,796",130114,13.61,6613,6854,17281,17334,15032.3,1635,4.2,4.1,64.2,13.1,6,1.8,1,167.8,107.2,155752,237516,1.57,,,0.61,188910,91.6272
10/1/1999,"130,190",131049,13.64,6640,6850,17272,17313,15074,1608,4.1,3.8,64.3,13.3,6.1,1.8,1,168.1,103.2,155756,237560,1.64,,,0.87,194547,93.0461
11/1/1999,"130,479",131510,13.66,6687,6792,17282,17317,15087.2,1648,4.1,3.8,64.4,12.9,5.8,1.8,1,168.4,107.2,157294,240462,1.9,,,0.55,186597,93.6155
12/1/1999,"130,789",131646,13.7,6709,6596,17280,17299,15166,1708,4,3.7,64.4,12.9,5.7,1.7,1,168.8,105.4,159879,245498,1.84,,,0.53,196344,94.2641
1/1/2000,"131,007",129005,13.75,6752,6322,17284,17179,15181.6,1636,4,4.5,64.6,13.1,6,1.8,1,169.3,112,158353,243483,1.55,100.589711,100,0.5,201360,94.3954
2/1/2000,"131,138",129667,13.8,6730,6284,17285,17192,15192.9,1737,4.1,4.4,64.6,12.6,6.3,1.9,0.9,170,111.3,160012,247133,1.41,101.6924803,100.7574072,0.35,183911,94.6246
3/1/2000,"131,605",130764,13.85,6811,6457,17302,17236,15219.1,1604,4,4.3,64.6,12.7,5.2,1.8,0.9,171,107.1,160944,249847,1.83,102.7838173,101.9452815,0.88,192130,95.258
4/1/2000,"131,898",131762,13.9,6794,6643,17298,17249,15303.1,1626,3.8,3.7,64.7,12.4,6.1,1.6,0.9,170.9,109.2,158575,245789,2.1,103.9964258,103.5013688,1.08,195044,95.9946
5/1/2000,"132,117",132718,13.94,6770,6817,17279,17262,15248.9,1575,4,3.8,64.4,12.6,6.1,1.7,0.9,171.2,110.7,158539,246225,1.81,105.252794,105.1970722,1.3,188606,95.9252
6/1/2000,"132,081",133230,13.99,6778,7012,17296,17403,15260,1559,4,4.1,64.5,12.3,6,1.7,0.9,172.2,106.4,158792,248178,1.2,106.4024581,106.7573138,1.3,219745,96.1084
7/1/2000,"132,254",132011,14.03,6794,7108,17322,17318,15285,1463,4,4.2,64.2,13.4,5.8,1.7,0.9,172.7,108.3,157868,247184,0.91,107.1340535,107.7737934,0.72,189265,96.2357
8/1/2000,"132,239",132023,14.07,6796,7113,17287,17365,15296.1,1541,4.1,4.1,64.2,12.9,6.1,1.9,1,172.7,107.3,158045,247601,0.94,107.8614702,108.635379,0.52,188730,95.6084
9/1/2000,"132,383",132690,14.13,6807,7036,17230,17278,15317.2,1507,3.9,3.8,64.2,12.2,6.6,1.8,0.9,173.6,106.8,159863,251812,0.98,108.6101543,109.3491472,0.72,199947,96.0352
10/1/2000,"132,368",133249,14.18,6814,7030,17217,17251,15325.4,1549,3.9,3.6,64.2,12.7,5.9,1.7,0.9,173.9,105.8,159271,251267,1.11,109.4868653,110.0427721,0.95,186158,95.8305
11/1/2000,"132,590",133614,14.23,6817,6915,17202,17226,15337.6,1551,3.9,3.7,64.3,12.4,6.3,1.8,0.9,174.2,107.6,158394,250225,0.88,110.5717093,110.8076574,0.94,189392,95.5815
12/1/2000,"132,727",133555,14.29,6792,6703,17181,17200,15377,1532,3.9,3.7,64.4,12.5,6,1.8,0.9,174.6,98.4,157924,250603,0.69,111.8008913,111.5815003,1.22,188659,95.0621
1/1/2001,"132,702",130681,14.29,6824,6394,17104,16993,15358,1600,4.2,4.7,64.4,12.7,6.8,1.9,1,175.6,94.7,158836,252736,0.8,113.0535196,112.3879688,1.02,177056,94.5274
2/1/2001,"132,776",131348,14.37,6841,6397,17028,16933,15379.6,1625,4.2,4.6,64.3,12.8,6.9,2,1,176,90.6,158409,252730,0.51,114.1268622,113.0727912,0.71,180276,94.0521
3/1/2001,"132,748",131942,14.42,6862,6518,16938,16869,15345.4,1590,4.3,4.5,64.3,12.8,7.2,2.1,1.1,176.1,91.5,156995,250346,0.31,115.0851796,114.1438342,1.03,182209,93.8326
4/1/2001,"132,469",132349,14.45,6844,6688,16802,16750,15259.7,1649,4.4,4.2,64,12.4,7.3,2.1,1,176.4,88.4,159186,254759,0.12,115.8405199,115.291915,0.97,171850,93.5579
5/1/2001,"132,428",133056,14.5,6849,6901,16661,16646,15256.9,1605,4.3,4.1,63.8,12.1,7.7,2.2,1,177.3,92,158793,255262,0.35,116.3006994,116.2418671,0.51,177749,92.8056
6/1/2001,"132,307",133435,14.54,6840,7076,16515,16615,15255.9,1636,4.5,4.7,63.7,12.7,8.2,2.3,1.1,177.7,92.6,157793,254020,0.49,116.8996829,117.2934179,0.61,176350,92.1625
7/1/2001,"132,199",131946,14.55,6845,7153,16382,16393,15206.2,1670,4.6,4.7,63.7,12.9,8.4,2.3,1.2,177.4,92.4,157566,253015,0.17,117.4966436,118.203131,0.36,170129,91.659
8/1/2001,"132,053",131876,14.6,6827,7139,16232,16332,15210.5,1567,4.9,4.9,63.2,13.3,8.3,2.4,1.3,177.4,91.5,158638,254570,0.27,118.2452759,119.0859374,0.34,170484,91.2544
9/1/2001,"131,803",132142,14.63,6813,7052,16117,16186,15199.9,1562,5,4.7,63.5,13.2,8.4,2.5,1.4,178.1,81.8,155022,249856,-0.21,119.0279679,119.836502,0.83,164123,91.042
10/1/2001,"131,475",132344,14.66,6804,7012,15972,16010,15169.8,1540,5.3,5,63.2,13.3,8.9,3,1.4,177.6,82.7,165886,268072,-0.46,119.6940573,120.3053475,0.87,171530,90.4964
11/1/2001,"131,178",132155,14.72,6784,6882,15825,15847,15148.7,1602,5.5,5.3,63,14.3,9.5,3.1,1.6,177.5,83.9,161668,260363,-0.53,120.2747529,120.5335165,0.44,163811,90.2579
12/1/2001,"131,001",131773,14.75,6785,6698,15711,15723,15098.9,1568,5.7,5.4,62.9,14.5,11,3.1,1.7,177.4,88.8,159926,256552,-0.14,120.6722767,120.4342294,0.34,165304,90.5039
1/1/2002,"130,852",128890,14.76,6775,6363,15587,15475,15063.2,1698,5.7,6.3,62.7,14.7,8.9,3.1,1.8,177.7,93,159582,256376,0.46,121.3603321,120.6413342,0.25,161790,91.0347
2/1/2002,"130,724",129362,14.79,6766,6339,15515,15414,15072.6,1829,5.7,6.1,63,15,9,3.1,1.8,178,90.7,160147,257677,0.63,122.1908181,121.0641623,0.23,172414,91.0774
3/1/2002,"130,707",129969,14.82,6755,6416,15443,15375,15069.3,1642,5.7,6.1,62.8,15.4,9.5,3.1,1.9,178.5,95.7,159251,257060,0.43,123.3215875,122.304923,0.19,169134,91.8728
4/1/2002,"130,624",130558,14.84,6710,6563,15392,15341,15073,1592,5.9,5.7,62.7,16.3,9.6,3.2,2,179.3,93,161082,261320,0.52,124.5075256,123.9188551,0.21,171399,92.0955
5/1/2002,"130,641",131329,14.88,6684,6749,15337,15335,15051.9,1764,5.8,5.5,62.9,16.8,9.3,3.2,2,179.5,96.9,158771,257616,0.65,125.9244508,125.8627014,0.06,171905,92.6288
6/1/2002,"130,692",131711,14.94,6701,6924,15298,15399,15041.5,1717,5.8,6,62.7,16.9,9.6,3.2,2.1,179.6,92.4,160023,259815,0.93,127.3884659,127.8170784,0.46,166470,93.7367
7/1/2002,"130,615",130270,14.98,6688,6984,15256,15274,15043.4,1655,5.8,5.9,62.7,16.9,9.6,3.2,2,180,88.1,161348,262811,1.09,128.8796441,129.6558988,0.79,174152,93.3809
8/1/2002,"130,608",130356,15.02,6701,7001,15171,15272,14993.6,1633,5.7,5.7,62.7,16.5,9.5,3.2,2,180.5,87.6,162095,264975,0.87,130.3074383,131.2214243,0.77,177146,93.5985
9/1/2002,"130,541",130875,15.06,6702,6935,15119,15194,14979,1804,5.7,5.4,63,17.6,9.7,3.1,2,180.8,86.1,159532,260650,0.92,131.5268848,132.4269012,0.97,167711,93.75
10/1/2002,"130,654",131546,15.12,6689,6892,15060,15096,14984.8,1648,5.7,5.3,62.7,17.8,10.2,3.2,2.1,181.2,80.6,159842,262011,0.82,132.8465653,133.5470088,1.16,167524,93.388
11/1/2002,"130,660",131667,15.15,6713,6810,14992,15009,14969.5,1753,5.9,5.6,62.5,17.6,9.9,3.3,2.1,181.5,84.2,160592,263559,0.68,134.0968657,134.4059362,0.67,170411,93.8436
12/1/2002,"130,490",131259,15.21,6700,6613,14912,14919,14981.9,1788,6,5.7,62.4,18.5,11.5,3.3,2.3,181.8,86.7,161617,265802,0.6,135.4051813,135.1465312,0.4,163460,93.2694
1/1/2003,"130,597",128577,15.22,6704,6293,14866,14744,14957.8,1853,5.8,6.5,62.5,18.5,10.3,3.2,2.2,182.6,82.4,161716,267276,0.84,136.466812,135.6444902,0.36,168823,93.7691
2/1/2003,"130,451",128994,15.29,6667,6224,14781,14674,14924.9,1629,5.9,6.4,62.5,18.5,10.1,3.3,2.2,183.6,79.9,158594,263199,0.59,137.4529345,136.1867949,0.34,174084,93.8934
3/1/2003,"130,243",129490,15.28,6654,6319,14721,14654,14898.8,1726,5.9,6.2,62.4,18.1,10.2,3.3,2.2,183.9,77.6,161146,267842,0.41,138.379248,137.1990567,0.22,173446,94.0614
4/1/2003,"130,194",130148,15.28,6689,6534,14609,14563,14912.8,1643,6,5.8,62.4,19.4,10.4,3.3,2.3,183.2,86,161377,267240,0.21,139.2496399,138.5588997,0.03,169475,93.3099
5/1/2003,"130,205",130909,15.33,6706,6767,14557,14556,14903.1,1751,6.1,5.8,62.3,19,10.3,3.5,2.3,182.9,92.1,162053,267347,0.41,140.1470221,140.0647535,-0.26,170637,93.4107
6/1/2003,"130,198",131239,15.36,6723,6951,14493,14593,14892.4,1867,6.3,6.5,62.3,19.9,10.4,3.4,2.4,183.1,89.7,163660,270432,0.49,140.9197472,141.3933485,-0.23,174202,93.877
7/1/2003,"130,217",129899,15.4,6735,7029,14402,14432,14884,1897,6.2,6.3,62.1,19.7,10.6,3.4,2.5,183.7,90.9,164827,273393,0.88,142.1189615,142.98924,-0.3,172836,94.1292
8/1/2003,"130,171",129953,15.42,6760,7062,14376,14467,14903.1,1833,6.1,6,62.1,19.2,10.2,3.4,2.4,184.5,89.3,166799,277901,1.1,143.5521694,144.563175,-0.35,174083,93.7796
9/1/2003,"130,281",130608,15.42,6783,7015,14347,14419,14940.3,1939,6.1,5.8,62,19.5,10.2,3.4,2.4,185.1,87.7,165271,276413,1.46,145.2611291,146.280567,-0.46,177974,94.6032
10/1/2003,"130,486",131401,15.43,6784,6989,14334,14368,14969.3,1967,6,5.6,62.1,19.3,9.5,3.3,2.4,184.9,89.6,164859,274779,1.54,146.9901477,147.8215539,-0.43,183184,94.6793
11/1/2003,"130,489",131565,15.47,6796,6903,14316,14339,14918.2,2083,5.8,5.6,62.3,19.9,9.9,3.2,2.3,185,93.7,166784,278322,1.51,148.8223986,149.218667,-0.5,182609,95.727
12/1/2003,"130,610",131385,15.47,6827,6729,14300,14304,14917.1,2057,5.7,5.4,62.2,19.8,11,3.1,2.3,185.5,92.6,165694,277567,1.77,150.7585494,150.4931362,-0.53,180561,95.5133
1/1/2004,"130,777",128726,15.51,6848,6431,14290,14171,14965.3,1911,5.7,6.3,62.3,19.9,8.9,3,2.3,186.3,103.8,165982,278884,1.48,152.6251474,151.6852487,-0.52,176939,95.4654
2/1/2004,"130,835",129337,15.54,6838,6392,14279,14172,14969.7,1846,5.6,6,62.3,20.1,9.2,2.9,2.2,186.7,94.4,166806,280966,1.43,154.537082,153.104481,-0.69,181587,96.1535
3/1/2004,"131,163",130378,15.56,6887,6551,14287,14220,15020,1998,5.8,6,62.2,19.8,9.6,3.1,2.3,187.1,95.8,169393,286232,1.56,156.9194555,155.4895169,-0.62,191247,96.0002
4/1/2004,"131,417",131494,15.59,6901,6778,14315,14267,15040.9,2003,5.6,5.4,62.3,19.6,9.5,3,2,187.4,94.2,167306,282971,1.6,159.3592531,158.470119,-0.54,184170,96.3615
5/1/2004,"131,714",132397,15.64,6948,7012,14342,14337,15060.3,1981,5.6,5.3,62.3,19.8,9.7,2.9,2.1,188.2,90.2,169480,288250,1.76,161.751249,161.5957111,-0.48,183646,97.1546
6/1/2004,"131,796",132843,15.67,6962,7194,14332,14434,15082.6,1828,5.6,5.8,62.4,20.5,9.5,2.8,2.1,188.9,95.6,166740,284146,1.48,164.3054177,164.8249814,-0.65,185488,96.3819
7/1/2004,"131,841",131682,15.7,6977,7292,14330,14370,15063.8,2002,5.5,5.7,62.5,18.8,9.4,2.9,2,189.1,96.7,168446,287341,1.52,166.3872344,167.429859,-0.56,187000,97.2328
8/1/2004,"131,957",131702,15.74,7003,7311,14345,14431,15063.8,2024,5.4,5.4,62.4,18.8,9.2,2.7,1.9,189.2,95.9,168576,287909,1.45,168.0721575,169.3060728,-0.63,184903,97.6828
9/1/2004,"132,114",132417,15.78,7029,7249,14331,14385,15096.7,1905,5.4,5.1,62.3,19.4,9.3,2.7,2,189.8,94.2,171026,293177,1.38,169.6539161,170.9589994,-0.62,188154,97.725
10/1/2004,"132,462",133398,15.81,7077,7286,14332,14360,15122.5,2072,5.5,5.1,62.3,19.5,9,2.8,2.1,190.8,91.7,171216,295055,1.38,171.2960708,172.4096236,-0.48,185524,98.8352
11/1/2004,"132,525",133649,15.84,7091,7205,14307,14331,15125.5,1782,5.4,5.2,62.5,19.7,9.1,2.7,2,191.7,92.8,171016,296178,1.48,173.0852259,173.6493027,-0.52,192550,98.7522
12/1/2004,"132,651",133418,15.86,7117,7012,14287,14306,15119.3,2042,5.4,5.1,62.4,19.4,9,2.7,2,191.7,97.1,173123,299766,1.34,175.0847711,174.8345935,-0.58,192812,99.4902
1/1/2005,"132,798",130713,15.9,7095,6682,14257,14142,15150.3,2144,5.3,5.7,62.4,19.5,8.8,2.7,1.9,191.6,95.5,171689,296957,1.12,177.5463131,176.4375639,-0.64,193711,100.2385
2/1/2005,"133,042",131536,15.93,7153,6699,14273,14168,15186.6,2207,5.4,5.8,62.4,19.1,9.2,2.6,2,192.4,94.1,173067,300511,1.49,180.2513084,178.4986274,-0.75,195414,101.1187
3/1/2005,"133,180",132376,15.97,7181,6838,14269,14200,15196.8,1864,5.2,5.4,62.4,19.5,8.4,2.5,1.9,193.1,92.6,172601,301020,1.34,183.1909387,181.2973886,-0.64,186766,100.6258
4/1/2005,"133,538",133589,16.01,7266,7128,14250,14203,15246.3,2061,5.2,4.9,62.7,19.6,8.6,2.4,1.8,193.7,87.7,173982,304180,1.62,185.5151881,184.2410537,-0.47,195176,100.9494
5/1/2005,"133,710",134402,16.04,7294,7360,14256,14246,15266.8,2025,5.1,4.9,62.8,18.6,8.5,2.4,1.8,193.6,86.9,172755,301708,1.29,187.5498527,187.205855,-0.47,206325,101.2895
6/1/2005,"133,957",135071,16.08,7333,7574,14227,14323,15298.9,2068,5,5.2,62.7,17.9,8.7,2.4,1.6,193.7,96,177571,310946,1.65,189.5297402,190.0979958,-0.54,209315,101.5282
7/1/2005,"134,328",134011,16.15,7353,7652,14226,14250,15336.8,2054,5,5.2,62.8,17.6,8.6,2.4,1.6,194.9,96.5,177881,313634,1.65,191.3790181,192.6691555,-0.52,197036,101.1469
8/1/2005,"134,524",134261,16.17,7394,7704,14203,14288,15352.9,2095,4.9,4.9,62.9,18.4,9.1,2.3,1.7,196.1,89.1,174967,309881,1.75,193.3684753,194.982674,-0.69,204771,101.5401
9/1/2005,"134,590",134889,16.19,7415,7645,14175,14234,15332.8,2151,5,4.8,62.8,17.9,8.7,2.5,1.7,198.8,76.9,172854,310350,1.22,195.6193683,197.3608389,-0.58,203914,100.5078
10/1/2005,"134,676",135617,16.29,7460,7679,14192,14224,15324.4,2065,5,4.6,62.8,17.9,8.4,2.4,1.7,199.1,74.2,172938,310701,1.26,197.8807931,199.4008478,-0.42,210220,102.0817
11/1/2005,"135,013",136174,16.3,7524,7650,14187,14218,15336.9,2147,5,4.8,62.7,17.5,8.5,2.3,1.7,198.1,81.6,175285,313253,1.42,200.1442647,200.965722,-0.45,222199,102.9304
12/1/2005,"135,168",135973,16.36,7533,7425,14193,14222,15340.9,1994,4.9,4.6,62.8,17.5,7.3,2.3,1.6,198.1,91.5,175430,313528,1.66,202.174632,201.9672202,-0.49,220093,103.1027
1/1/2006,"135,450",133320,16.42,7601,7182,14210,14093,15351.5,2273,4.7,5.1,62.9,16.9,8,2.2,1.5,199.3,91.2,179308,322377,1.82,203.7703925,202.444372,-0.48,207887,103.9261
2/1/2006,"135,762",134245,16.48,7664,7218,14209,14104,15361.3,2119,4.8,5.1,63,17.8,8.4,2.2,1.7,199.4,86.7,177901,320238,1.57,205.3632251,203.1923241,-0.69,218105,103.598
3/1/2006,"136,059",135226,16.54,7689,7337,14214,14141,15388,1969,4.7,4.8,63.1,17.1,8,2.3,1.6,199.7,88.9,178180,320996,1.51,206.1632105,203.6517283,-0.61,226896,103.4896
4/1/2006,"136,227",136140,16.64,7726,7557,14226,14172,15348.5,1821,4.7,4.5,63,16.7,7.9,2.3,1.6,200.7,87.4,178177,322739,1.35,206.655482,204.8155014,-0.54,214798,104.052
5/1/2006,"136,258",136946,16.65,7713,7779,14203,14187,15318.1,1942,4.6,4.4,63.1,17.1,8.3,2.3,1.5,201.3,79.1,177111,321647,0.99,206.5069821,205.8633119,-0.65,215192,103.6039
6/1/2006,"136,337",137449,16.72,7699,7945,14213,14303,15325.5,1802,4.6,4.8,63.1,16.6,7.5,2.2,1.4,201.8,84.9,177281,323025,1.07,205.8057765,206.3839459,-0.37,221025,104.0204
7/1/2006,"136,543",136273,16.78,7712,8013,14188,14215,15326,1737,4.7,5,63,17.1,8.3,2.2,1.5,202.9,84.7,176977,324319,0.68,204.9349191,206.5240966,-0.5,212434,103.7567
8/1/2006,"136,722",136479,16.83,7720,8045,14159,14246,15337.5,1650,4.7,4.6,63.1,17.1,8.5,2.2,1.5,203.8,82,176896,325147,0.98,204.1160079,206.1775466,-0.65,210229,104.4939
9/1/2006,"136,870",137149,16.86,7718,7952,14125,14192,15347.8,1720,4.5,4.4,63.1,17.1,9.1,2.1,1.5,202.8,85.4,176875,323013,0.86,203.5823562,205.8043295,-0.65,236085,104.6207
10/1/2006,"136,882",137849,16.94,7682,7909,14075,14114,15366.2,1491,4.4,4.1,63.3,16.3,8.6,2.1,1.4,201.9,93.6,177513,322614,1.05,203.5444882,205.4112788,-0.69,217172,104.2491
11/1/2006,"137,090",138234,16.98,7666,7772,14041,14060,15391.5,1570,4.5,4.3,63.3,16.2,8.2,2.1,1.4,202,92.1,177826,323362,0.78,203.6453628,204.6535468,-0.75,225791,104.3212
12/1/2006,"137,263",138124,17.05,7685,7585,14015,14036,15394.2,1649,4.4,4.3,63.4,16.1,7.7,2.1,1.4,203.1,91.7,179355,327208,0.94,203.4707061,203.3302217,-0.69,229595,105.9556
1/1/2007,"137,497",135334,17.09,7725,7295,14008,13898,15443.3,1409,4.6,5,63.3,16.3,8.7,2.2,1.4,203.437,96.9,178689,327125,1.17,203.7405698,202.3139734,-0.75,217697,105.4227
2/1/2007,"137,582",136026,17.15,7626,7173,13997,13886,15474.7,1480,4.5,4.9,63.3,16.7,8.8,2.2,1.4,204.226,91.3,178278,328076,1.03,204.0703171,201.5722636,-0.82,222033,105.8829
3/1/2007,"137,796",136923,17.22,7706,7353,13970,13887,15542.2,1495,4.4,4.5,63.3,17.8,8.7,2.1,1.5,205.288,88.4,178975,330800,1.29,203.9857194,201.0149349,-0.44,228802,106.8334
4/1/2007,"137,855",137730,17.28,7686,7518,13945,13875,15508.5,1490,4.5,4.3,63,16.9,8.4,2.2,1.5,205.904,87.1,177889,329653,1.03,202.878253,200.5383618,-0.53,231816,107.6121
5/1/2007,"138,008",138673,17.34,7673,7733,13929,13901,15528.7,1415,4.4,4.3,63,16.6,8.6,2.2,1.5,206.755,88.3,179375,334135,1.2,201.0277767,200.1185074,-0.51,227263,107.5454
6/1/2007,"138,085",139175,17.42,7687,7926,13911,13987,15507.9,1448,4.6,4.7,63,16.5,8.4,2.2,1.5,207.234,85.3,177616,331002,0.71,198.8438048,199.438931,-0.48,229731,107.9128
7/1/2007,"138,055",137778,17.46,7660,7957,13889,13919,15509.2,1354,4.7,4.9,62.9,17.2,9,2.4,1.5,207.603,90.4,177984,332228,0.53,196.8407531,198.7163533,-0.37,238451,108.0232
8/1/2007,"138,027",137890,17.5,7610,7932,13828,13927,15507.2,1330,4.6,4.6,62.7,17,8.7,2.4,1.5,207.667,83.4,178661,333830,0.52,194.8990908,197.3705478,0.84,233929,107.7127
9/1/2007,"138,123",138455,17.56,7577,7838,13790,13886,15514.7,1183,4.7,4.5,62.9,16.3,8.7,2.3,1.5,208.547,83.4,178826,335509,0.41,193.118555,195.6937194,0.49,227276,108.2103
10/1/2007,"138,201",139198,17.58,7565,7796,13764,13812,15515.3,1264,4.7,4.4,62.7,17,9.4,2.4,1.5,209.19,80.9,179367,337458,0.59,190.9709672,192.9798173,0.35,228963,107.7682
11/1/2007,"138,307",139510,17.63,7523,7647,13757,13795,15568.7,1197,4.7,4.5,62.9,17.3,7.9,2.4,1.5,210.834,76.1,179516,340872,0.4,187.8933658,188.9445633,1.09,232795,108.3757
12/1/2007,"138,411",139297,17.69,7490,7390,13746,13776,15568.8,1037,5,4.8,62.7,16.6,9,2.5,1.6,211.445,75.5,177472,336844,0.24,185.0931269,184.9661164,1.22,243079,108.4984
1/1/2008,"138,419",136268,17.74,7476,7053,13725,13619,15565.6,1084,5,5.4,62.9,17.5,9.7,2.5,1.6,212.174,78.4,176874,337537,0.37,182.1371391,180.6813724,1.52,236426,108.0476
2/1/2008,"138,338",136787,17.8,7453,6983,13696,13578,15523,1103,4.9,5.2,62.8,16.9,9.7,2.5,1.6,212.687,70.8,174780,334524,0.28,178.5508018,175.9634392,1.09,233636,107.3557
3/1/2008,"138,283",137378,17.88,7406,7047,13659,13559,15526.2,1005,5.1,5.2,62.7,16.5,10.2,2.7,1.6,213.448,69.5,174589,335104,0.12,175.17281,172.1975377,1.91,231216,107.0542
4/1/2008,"138,054",137914,17.92,7327,7160,13599,13516,15426.1,1013,5,4.8,62.7,16.9,10.4,2.6,1.7,213.942,62.6,174387,335357,0.15,172.4379735,169.9813609,1.56,229308,105.9171
5/1/2008,"137,870",138488,17.98,7274,7324,13564,13530,15370.9,973,5.4,5.2,62.5,16.6,9.8,2.8,1.8,215.208,59.8,174645,337762,-0.08,169.5523314,168.5983985,1.05,230055,105.4516
6/1/2008,"137,716",138682,18.04,7213,7425,13504,13580,15337.4,1046,5.6,5.7,62.4,17.1,10.5,2.8,1.9,217.463,56.4,173077,338234,-0.17,167.1721266,167.7750994,1.3,229237,104.8591
7/1/2008,"137,503",137203,18.1,7160,7448,13430,13472,15300,923,5.8,6,62.2,17,10.7,2.9,2,219.016,61.2,171146,336570,-0.47,164.3931844,166.3587202,2.44,223460,103.594
8/1/2008,"137,226",137094,18.18,7114,7435,13358,13459,15241.1,844,6.1,6.1,62,17.7,11.7,3.2,2.2,218.69,63,170155,333836,-0.86,162.1215712,164.6453465,1.7,216876,102.3932
9/1/2008,"136,783",137148,18.2,7044,7305,13275,13376,15171.9,820,6.1,6,61.9,18.6,12.3,3.4,2.3,218.877,70.3,167389,328031,-0.64,159.1052585,161.6380881,3.26,211788,98.7834
10/1/2008,"136,308",137442,18.25,6967,7208,13147,13214,15101.4,777,6.5,6.1,61.7,19.9,13.1,3.7,2.6,216.995,57.6,162570,314648,-1.19,156.2845197,158.0874568,6.37,192433,98.2914
11/1/2008,"135,549",136761,18.32,6813,6945,13034,13085,14986.6,652,6.8,6.5,61.4,18.9,14.2,4,2.5,213.153,55.3,159405,301638,-1.83,153.6441775,154.4999438,5.34,184310,95.9698
12/1/2008,"134,842",135732,18.38,6701,6612,12850,12883,14866.7,560,7.3,7.1,61,19.9,17.2,4.3,2.9,211.398,60.1,157195,294241,-1.99,150.7189784,150.5360264,5.32,173752,92.5827
1/1/2009,"134,055",132042,18.4,6567,6154,12561,12450,14788.4,490,7.8,8.5,60.6,19.8,16,4.8,3.1,211.933,61.2,158974,298823,-2.49,147.7140667,146.3417243,4.62,153567,89.7595
2/1/2009,"133,351",131808,18.45,6446,6000,12380,12266,14716.7,582,8.3,8.9,60.3,20.2,16.3,5.2,3.5,212.705,56.3,157823,297795,-2.42,145.6169179,143.1128415,4.28,146163,89.6969
3/1/2009,"132,549",131675,18.5,6291,5950,12208,12112,14641.6,505,8.7,9,59.9,20.9,17.8,5.5,3.8,212.495,57.3,155273,292427,-2.79,142.7924566,140.0605633,4.33,144350,88.0967
4/1/2009,"131,845",131859,18.52,6154,6009,12030,11957,14556.1,478,9,8.6,59.8,21.7,18.9,5.8,4.1,212.709,65.1,155759,293575,-2.31,141.5566165,139.2570837,3.95,143769,87.3823
5/1/2009,"131,491",132132,18.53,6100,6139,11862,11829,14553.5,540,9.4,9.1,59.6,22.4,19.8,6.1,4.5,213.022,68.7,156939,296560,-1.39,140.8347069,139.9837678,2.91,150684,86.3822
6/1/2009,"131,022",131950,18.56,6010,6202,11726,11791,14537.2,585,9.5,9.7,59.4,23.9,20.1,6.2,5.1,214.79,70.8,158078,301858,-0.81,141.2784266,141.9733834,1.75,145217,86.0507
7/1/2009,"130,680",130353,18.6,5932,6203,11668,11704,14486.3,594,9.5,9.7,59.3,25.1,20,6.1,5.1,214.726,66,158448,302514,-0.25,142.2412482,144.3241462,1.71,156453,87.3572
8/1/2009,"130,484",130231,18.66,5855,6158,11626,11722,14477.3,586,9.6,9.6,59.1,25.3,19.9,6.2,5.1,215.445,65.7,160903,309012,-0.09,143.4795662,146.1125293,1.02,158160,88.4262
9/1/2009,"130,255",130589,18.7,5787,6036,11591,11685,14445.9,585,9.8,9.5,58.7,26.6,20.4,6.5,5.5,215.861,73.5,156780,300953,0.22,144.0591634,146.6298964,0.65,157770,89.1733
10/1/2009,"130,046",131188,18.74,5716,5958,11538,11607,14379.2,534,10,9.5,58.5,27.5,22.1,6.5,5.6,216.509,70.6,157766,304078,0.02,144.7794555,146.4874662,0.74,162629,89.3226
11/1/2009,"130,058",131236,18.81,5696,5822,11509,11550,14374.8,588,9.9,9.4,58.6,28.9,22.3,6.3,5.7,217.234,67.4,158621,306799,0.37,145.4550819,146.169374,0.62,162170,90.2314
12/1/2009,"129,781",130690,18.84,5654,5566,11475,11494,14326.4,581,9.9,9.7,58.3,29.7,25.2,6.3,5.8,217.347,72.5,159291,308518,0.55,146.2321843,145.8940116,0.55,159713,90.0171
1/1/2010,"129,799",127820,18.89,5580,5197,11460,11357,14393.1,614,9.8,10.6,58.5,30.3,22.3,6.1,5.8,217.488,74.4,159205,308751,0.5,146.9198409,145.3068727,0.51,182987,91.1193
2/1/2010,"129,726",128255,18.92,5500,5088,11453,11340,14395.7,604,9.8,10.4,58.5,29.8,21,6.2,5.8,217.281,73.6,159625,308568,0.72,146.9300793,144.0570946,0.29,176497,91.1423
3/1/2010,"129,919",129089,18.92,5537,5213,11453,11367,14442.7,636,9.9,10.2,58.5,31.6,20.3,6.2,5.9,217.353,73.6,163128,316150,0.92,146.3498514,143.3394991,0.08,179211,92.3258
4/1/2010,"130,140",130212,18.96,5553,5418,11489,11425,14423.3,687,9.9,9.5,58.7,33.3,21.2,6.1,5.9,217.403,72.2,164255,318437,1.01,147.0492906,144.5630166,0.1,187274,93.1899
5/1/2010,"130,662",131330,19.01,5520,5561,11525,11499,14435.6,583,9.6,9.3,58.6,34,21,6,5.8,217.29,73.6,163039,315608,1.35,147.2585033,146.4648789,0.63,186393,94.5751
6/1/2010,"130,522",131448,19.03,5516,5698,11545,11613,14436.1,536,9.4,9.6,58.5,34.5,21.9,5.9,5.8,217.199,76,162897,314973,1.38,147.0194537,147.9859917,0.82,186484,94.5231
7/1/2010,"130,444",130111,19.05,5508,5763,11561,11614,14445.6,546,9.4,9.7,58.5,33.9,21.5,5.9,5.7,217.605,67.8,162890,315424,1.3,146.3925043,148.8805789,0.45,190077,95.1211
8/1/2010,"130,428",130175,19.1,5524,5819,11553,11651,14450,599,9.5,9.5,58.6,33.7,21.1,5.9,5.5,217.923,68.9,163592,317103,0.79,145.5413594,148.4887236,0.12,192410,95.3972
9/1/2010,"130,365",130669,19.11,5501,5733,11563,11638,14472.6,594,9.5,9.2,58.5,33.4,21.5,5.9,5.5,218.275,68.2,164621,319901,0.48,144.5348682,147.2567728,0.16,200338,95.4918
10/1/2010,"130,632",131641,19.2,5508,5733,11562,11619,14503.7,543,9.4,9,58.3,34,20.9,5.8,5.6,219.035,67.7,166063,324218,0.78,143.603596,145.2359169,0.14,194980,95.6193
11/1/2010,"130,761",131947,19.21,5506,5628,11585,11610,14480,545,9.8,9.3,58.2,33.9,21.6,6.2,5.6,219.59,71.6,167280,327620,1.32,143.2557586,143.7685342,0.01,195734,95.6373
12/1/2010,"130,834",131641,19.22,5467,5369,11595,11604,14467.4,539,9.3,9.1,58.3,34.7,22.4,5.7,5.6,220.472,74.5,167502,329707,1.48,142.9431003,142.3923479,-0.04,194759,96.0129
1/1/2011,"130,878",128778,19.32,5427,5046,11621,11524,14531.4,630,9.1,9.8,58.3,37.2,22,5.5,5.5,221.187,74.2,168205,332559,1.42,142.570718,140.7764376,-0.19,204128,96.2676
2/1/2011,"131,060",129592,19.32,5451,5049,11654,11542,14553.6,517,9,9.5,58.4,37.4,22.4,5.5,5.3,221.898,77.5,168983,334544,1.48,142.0815882,139.0546272,-0.45,194899,96.3948
3/1/2011,"131,314",130499,19.31,5477,5158,11675,11588,14584.2,600,9,9.2,58.4,39.1,22,5.4,5.3,223.046,67.5,169683,337858,1.59,140.5806561,137.6397508,-0.36,210464,96.9973
4/1/2011,"131,637",131715,19.36,5485,5364,11704,11640,14641.7,554,9.1,8.7,58.4,38.7,20.6,5.4,5.2,224.093,69.8,169928,340212,1.46,140.6792046,138.4304509,-0.33,201736,96.3727
5/1/2011,"131,718",132399,19.41,5516,5556,11713,11690,14640.2,561,9,8.7,58.3,39.6,20.8,5.4,5.3,224.806,74.3,169213,339352,1.22,140.4163315,139.8788795,-0.4,205946,96.5157
6/1/2011,"131,952",132889,19.42,5528,5728,11727,11801,14675.7,608,9.1,9.3,58.2,39.9,20.5,5.3,5.3,224.806,71.5,170401,341532,1.18,140.330553,141.5036864,-0.06,200008,96.5954
7/1/2011,"132,024",131615,19.48,5547,5808,11746,11813,14717.5,623,9,9.3,58.2,40.7,20.8,5.3,5.3,225.395,63.7,169893,341414,1.24,140.3036425,142.8891796,-0.15,208990,97.0976
8/1/2011,"132,136",131890,19.48,5552,5845,11764,11863,14714.9,585,9,9.1,58.3,40.5,19.7,5.2,5.4,226.106,55.8,169753,342104,1.55,140.0360011,142.9719676,0.61,215074,97.4749
9/1/2011,"132,369",132636,19.49,5584,5817,11769,11840,14738.7,650,9,8.8,58.4,40.4,19.2,5.2,5.4,226.597,59.5,170965,345346,1.33,139.3941049,141.9668387,0.66,208403,97.7682
10/1/2011,"132,578",133558,19.56,5588,5808,11780,11826,14743.8,610,8.8,8.5,58.4,38.7,19.1,5.1,5.1,226.75,60.8,172127,348095,1.53,138.6267357,140.0510302,0.81,209201,98.3563
11/1/2011,"132,723",133893,19.56,5593,5707,11770,11790,14751.3,711,8.6,8.2,58.6,40.2,19.9,5,5,227.169,63.7,172370,349379,1.76,137.9082646,138.1842281,0.38,216898,97.9894
12/1/2011,"132,924",133718,19.56,5611,5512,11802,11800,14745.5,694,8.5,8.3,58.6,40.4,20.4,4.9,4.9,227.223,69.9,172405,349798,1.72,137.3395765,136.5950105,0.55,226410,98.6129
1/1/2012,"133,272",131113,19.58,5626,5237,11838,11735,14813.1,723,8.3,8.8,58.4,40.2,17.5,4.7,4.8,227.842,75,173505,352643,1.91,137.1178337,135.2089063,0.57,224677,99.5986
2/1/2012,"133,505",132067,19.6,5629,5219,11860,11751,14784.4,704,8.3,8.7,58.5,39.7,18.4,4.6,4.7,228.329,75.3,175204,357047,1.84,137.0573898,134.0775937,0.11,224092,99.9652
3/1/2012,"133,769",132971,19.65,5625,5313,11898,11822,14820,695,8.2,8.4,58.5,39.3,18.8,4.5,4.6,228.807,76.2,175632,358917,1.82,136.8438673,134.0686949,-0.09,220496,99.4746
4/1/2012,"133,841",133854,19.69,5618,5488,11916,11852,14831.3,753,8.2,7.7,58.4,39.2,19.9,4.4,4.6,229.187,76.4,174564,356669,1.7,137.8692047,135.979651,0.01,218897,100.1596
5/1/2012,"133,958",134667,19.68,5604,5651,11927,11913,14829.4,708,8.2,7.9,58.5,39.6,18.6,4.5,4.6,228.713,79.3,174616,356057,1.63,139.444946,139.1991373,0.15,217012,99.7977
6/1/2012,"134,026",135005,19.72,5621,5825,11936,12024,14810,757,8.2,8.4,58.6,40.3,17.7,4.6,4.7,228.524,73.2,173191,352240,1.41,140.9856909,142.3578486,0.11,218729,100.0977
7/1/2012,"134,182",133795,19.75,5632,5893,11964,12037,14803.7,740,8.2,8.6,58.5,39.3,15.8,4.6,4.5,228.59,72.3,173825,353671,1.39,141.9330895,144.5811167,-0.02,224611,100.0058
8/1/2012,"134,355",134175,19.74,5648,5926,11960,12058,14811,754,8.1,8.2,58.4,39.6,17.2,4.4,4.5,229.918,74.3,174803,358149,1.38,142.8996129,145.8157605,-0.32,202598,99.8497
9/1/2012,"134,549",134802,19.79,5661,5885,11954,12023,14845.9,847,7.8,7.6,58.7,39.8,17.6,4.2,4.4,231.015,78.3,175598,361618,1.57,143.7817819,146.2274696,-0.41,216919,99.847
10/1/2012,"134,702",135649,19.79,5674,5888,11961,11994,14867.1,915,7.8,7.5,58.8,39.6,17.1,4.2,4.4,231.638,82.6,175220,362081,1.79,144.7551526,146.0364186,-0.35,218153,99.645
11/1/2012,"134,832",136039,19.85,5684,5788,11950,11954,14930.1,833,7.7,7.4,58.7,39,17.1,4.2,4.2,231.249,82.7,176168,362959,1.34,145.7607199,145.8211069,-0.47,218345,100.4067
12/1/2012,"135,075",135964,19.89,5724,5634,11960,11958,14905.1,976,7.9,7.6,58.7,37.6,17,4.2,4.3,231.221,72.9,177035,364585,1.52,147.066702,146.0784619,-0.46,230294,101.1522
1/1/2013,"135,282",133081,19.95,5746,5353,11983,11880,14928.6,888,8,8.5,58.6,35.6,16.2,4.3,4.2,231.679,73.8,177886,367229,1.6,148.3008426,146.1484569,-0.38,216919,100.8774
2/1/2013,"135,547",134120,19.99,5784,5386,11996,11901,14941.7,970,7.7,8.1,58.6,36.4,16.5,4.2,4.2,232.937,77.6,178848,371742,1.97,149.6505331,146.5075533,-0.65,229202,101.4162
3/1/2013,"135,703",134918,20.02,5802,5501,11999,11935,14941.4,999,7.5,7.6,58.5,37,16.5,4,4.1,232.282,78.6,178166,368806,1.74,151.3226294,148.4426057,-0.59,211757,101.2442
4/1/2013,"135,882",135923,20.04,5796,5677,12000,11945,14961.7,826,7.6,7.1,58.6,36.5,16.3,4.1,4.1,231.797,76.4,178024,367944,1.63,153.873054,152.244994,-0.55,220286,100.8452
5/1/2013,"136,122",136816,20.06,5829,5871,12000,11995,14996.2,920,7.5,7.3,58.6,36.8,17.1,3.9,4.1,231.893,84.5,178609,369297,1.57,156.0092474,156.056867,-0.6,231193,101.0522
6/1/2013,"136,280",137226,20.11,5855,6042,12004,12086,15039.8,852,7.5,7.8,58.6,36.4,17.3,3.9,4,232.445,84.1,178871,371097,1.47,157.7897857,159.4560057,-0.39,240895,101.2748
7/1/2013,"136,391",136052,20.15,5859,6119,11984,12054,15080.5,891,7.3,7.7,58.7,37.3,15.4,3.8,3.9,232.9,85.1,179571,373235,1.48,159.5491061,162.3818568,-0.55,215452,100.1369
8/1/2013,"136,651",136488,20.18,5878,6152,12014,12107,15123.2,898,7.2,7.3,58.7,37.6,15.9,3.8,3.8,233.456,82.1,178836,372370,1.66,161.4114932,164.4866259,-0.71,221749,101.1264
9/1/2013,"136,852",137096,20.21,5910,6128,12032,12091,15156.7,860,7.2,7,58.7,37.4,15.8,3.8,3.8,233.544,77.5,178795,372188,1.77,163.1995419,165.6041629,-0.75,231395,101.201
10/1/2013,"137,062",138019,20.26,5931,6139,12056,12080,15195.6,921,7.2,7,58.3,35.1,15.8,4,3.7,233.669,73.2,179610,373677,1.41,164.7181158,165.8982767,-0.75,224605,101.3683
11/1/2013,"137,283",138543,20.31,5963,6056,12079,12080,15199.8,1104,6.9,6.6,58.6,36.6,14.5,3.7,3.7,234.1,75.1,179852,374102,1.57,165.9430217,165.803783,-0.86,238295,101.3962
12/1/2013,"137,376",138292,20.34,5932,5842,12083,12084,15285.6,1010,6.7,6.5,58.7,36.5,13.7,3.5,3.6,234.719,82.5,180218,376786,1.48,166.859677,165.6269022,-0.9,230735,101.3326
1/1/2014,"137,550",135488,20.39,5981,5609,12082,11987,15256.3,902,6.6,7,58.8,35.3,13.2,3.5,3.4,235.347,81.2,177950,373079,1.82,167.8173381,165.4015927,-0.87,221898,100.2264
2/1/2014,"137,732",136229,20.5,6007,5612,12105,12019,15229.9,948,6.7,7,58.7,36.4,12.8,3.5,3.5,235.522,81.6,180075,377749,1.4,168.5923354,165.3536543,-0.81,229822,101.3342
3/1/2014,"137,993",137187,20.48,6041,5746,12121,12061,15248.8,973,6.7,6.8,58.9,35.3,13.3,3.5,3.5,235.956,80,182119,382663,1.43,169.7982393,166.7967936,-0.76,233750,102.1423
4/1/2014,"138,304",138325,20.52,6081,5970,12135,12079,15295.6,1038,6.3,5.9,58.9,34.9,13.6,3.3,3.2,236.463,84.1,183401,386533,1.73,169.9707298,168.7212416,-0.82,236290,102.1092
5/1/2014,"138,556",139237,20.55,6111,6158,12147,12139,15307.5,987,6.3,6.1,58.9,34.2,13,3.2,3.1,236.867,81.9,183366,386798,1.88,170.2486881,170.6037446,-0.99,232665,102.3351
6/1/2014,"138,862",139824,20.58,6131,6321,12171,12254,15347.9,928,6.1,6.3,59,33.9,13,3.1,3,237.188,82.5,183438,387342,2,170.4858549,172.2959117,-0.96,238124,102.677
7/1/2014,"139,058",138745,20.62,6174,6438,12190,12259,15369.5,1085,6.2,6.5,59,32.7,13.2,3.1,3,237.485,81.8,183459,387623,1.91,170.5373202,173.2929348,-0.89,290709,102.9589
8/1/2014,"139,284",139125,20.67,6204,6476,12206,12296,15374.7,984,6.2,6.3,59,32,12.9,3,2.9,237.439,82.5,185123,391162,1.63,170.6525178,173.6224889,-0.82,238736,102.5953
9/1/2014,"139,568",139812,20.68,6236,6450,12224,12276,15406.3,999,5.9,5.7,59.1,31.9,11.9,2.9,2.8,237.452,84.6,184748,389808,1.9,171.3202311,173.4394448,-0.71,235647,102.6253
10/1/2014,"139,823",140866,20.71,6254,6460,12256,12274,15447.6,1094,5.7,5.5,59.3,32.4,11.5,2.8,2.7,237.447,86.9,185471,390708,2.04,172.2612598,173.2242911,-0.32,230525,102.6336
11/1/2014,"140,130",141331,20.77,6270,6365,12282,12283,15501.9,994,5.8,5.5,59.2,32.8,11.5,2.9,2.7,237.042,88.8,186510,392405,1.75,173.066813,172.7908487,-0.7,228416,103.5917
12/1/2014,"140,381",141326,20.73,6295,6205,12291,12294,15495.5,1081,5.6,5.4,59.3,32.6,11.8,2.8,2.6,236.27,93.6,185941,388894,2.02,174.134958,172.8257892,-0.48,223741,103.2139
1/1/2015,"140,592",138511,20.81,6332,5953,12296,12203,15501.7,1101,5.7,6.1,59.3,32.2,10.9,2.7,2.7,234.836,98.1,185631,385630,1.64,175.0530279,172.6408167,-0.37,226806,102.8107
2/1/2015,"140,859",139343,20.84,6356,5962,12301,12219,15521.6,887,5.5,5.8,59.3,31.1,11.6,2.7,2.5,235.274,95.4,184531,383816,1.66,176.4921952,173.4305088,-0.42,219304,102.3092
3/1/2015,"140,937",140099,20.88,6340,6051,12313,12254,15545.1,974,5.5,5.6,59.3,30.5,11.3,2.7,2.4,235.956,93,187418,391247,1.63,177.8873112,174.978797,-0.48,230337,102.5586
4/1/2015,"141,219",141283,20.92,6390,6300,12318,12267,15568.8,1200,5.4,5.1,59.3,30.8,11.3,2.6,2.3,236.165,95.9,187235,390624,1.68,177.8417745,176.987797,-0.65,226960,102.6304
5/1/2015,"141,545",142224,20.99,6428,6491,12336,12319,15597.2,1066,5.5,5.3,59.4,30.5,11,2.8,2.4,236.952,90.7,188324,394564,1.91,178.3327587,178.912243,-0.74,220679,102.5418
6/1/2015,"141,736",142700,21.01,6444,6633,12340,12423,15615,1201,5.3,5.5,59.4,28.3,11,2.6,2.3,237.618,96.1,187796,394465,1.72,178.7640667,180.6098,-0.6,233102,102.2469
7/1/2015,"141,992",141747,21.03,6466,6718,12355,12426,15635.6,1140,5.2,5.6,59.3,28.2,11.3,2.6,2.2,237.993,93.1,188830,397256,1.8,179.177146,181.7870365,-0.45,231512,102.8702
8/1/2015,"142,156",141939,21.1,6485,6754,12346,12434,15629.7,1134,5.1,5.2,59.4,28.3,11.5,2.5,2.2,237.989,91.9,188913,397197,1.8,179.4374363,182.3060023,-0.34,227210,102.8301
9/1/2015,"142,244",142497,21.1,6498,6704,12345,12395,15620.5,1209,5,4.9,59.2,26,11.4,2.4,2.1,237.467,87.2,189288,397083,1.76,180.6264175,182.5028739,-0.16,221142,102.5695
10/1/2015,"142,595",143645,21.2,6540,6740,12358,12374,15661.9,1059,5,4.8,59.3,27.6,11.3,2.5,2.1,237.764,90,188681,395853,1.56,181.6904226,182.480373,-0.29,227110,102.7317
11/1/2015,"142,859",144066,21.21,6592,6685,12354,12355,15704.2,1176,5,4.8,59.4,27.9,10.5,2.5,2.1,238.072,91.3,189232,397463,1.55,182.8656199,182.5090677,-0.35,225927,102.644
12/1/2015,"143,093",144063,21.25,6632,6542,12360,12368,15677.8,1138,5,4.8,59.6,27.7,10.6,2.4,2.1,237.827,92.6,190372,398762,1.6,183.7659752,182.4331228,-0.2,220920,102.4048
1/1/2016,"143,196",141088,21.31,6636,6252,12384,12293,15704.7,1123,4.9,5.3,59.7,29.4,11.1,2.3,2,237.99,92,188315,395246,1.43,184.7695516,182.3569183,0.15,226580,103.0236
2/1/2016,"143,453",141919,21.34,6649,6256,12367,12290,15762.9,1209,4.9,5.2,59.8,29,10.6,2.4,2.1,237.532,91.7,189957,396930,1.76,185.7151103,182.7920178,0.22,215886,102.8557
3/1/2016,"143,688",142814,21.41,6690,6402,12348,12288,15807.8,1128,5,5.1,59.8,28.4,10.1,2.4,2.1,238.022,91,189593,397086,1.56,187.4178638,184.522146,-0.14,218633,102.6789
4/1/2016,"143,862",143909,21.46,6699,6614,12354,12300,15815.7,1164,5,4.7,59.7,28.1,10.1,2.4,2.1,238.843,89,190180,399739,1.49,187.2015508,186.6027701,-0.22,229021,102.6539
5/1/2016,"143,896",144557,21.48,6693,6758,12336,12316,15814.5,1119,4.7,4.5,59.7,26.7,10.2,2.3,1.9,239.439,94.7,190342,401076,1.38,187.5182834,188.2393421,-0.3,222159,102.4677
6/1/2016,"144,181",145222,21.52,6698,6913,12357,12440,15836.3,1190,4.9,5.1,59.7,28,10.8,2.4,2,240.074,93.5,191842,405580,1.4,187.9409838,189.79661,-0.27,211453,102.7326
7/1/2016,"144,506",144248,21.58,6728,6989,12371,12444,15851,1223,4.9,5.1,59.7,28,10.3,2.3,2,240.058,90,191514,404835,1.35,188.3620008,190.8810212,-0.32,220039,102.82
8/1/2016,"144,681",144502,21.61,6731,6997,12347,12438,15867,1164,4.9,5,59.8,27.3,10.1,2.4,1.9,240.569,89.8,191296,404897,1.52,188.663447,191.5154596,-0.22,221425,102.4555
9/1/2016,"144,945",145168,21.64,6763,6971,12340,12383,15878.2,1062,5,4.8,59.7,27,10.4,2.5,2,241.017,91.2,192121,407368,1.4,189.8907209,191.6244314,-0.32,220333,102.6961
10/1/2016,"145,085",146049,21.7,6787,6981,12337,12358,15882.5,1328,4.9,4.7,59.7,26.6,10.3,2.4,2,241.667,87.2,192818,410517,1.3,190.9169901,191.6032735,-0.4,233739,102.9071
11/1/2016,"145,257",146482,21.72,6811,6903,12339,12338,15875.4,1149,4.6,4.4,59.8,25.9,10.4,2.2,1.8,242.081,93.8,192360,409616,1.72,192.2801661,191.9029411,-0.2,223079,103.1081
12/1/2016,"145,437",146270,21.78,6822,6700,12351,12354,15890.4,1268,4.7,4.5,59.8,25.9,9.8,2.3,1.9,242.784,98.2,193151,413796,1.42,193.6728216,192.3387838,-0.43,223681,103.3225
1/1/2017,"145,696",143393,21.81,6873,6459,12369,12277,15912.8,1236,4.8,5.1,59.9,25.3,10.4,2.3,1.9,244.028,98.5,194524,418247,1.53,195.2202356,192.756178,-0.34,224395,103.7558
2/1/2017,"145,896",144423,21.85,6919,6527,12390,12315,15891.2,1288,4.7,4.9,60,25.1,10.3,2.3,1.8,244.102,96.3,193572,416196,1.36,196.4389762,193.5228292,-0.56,227461,104.0198
3/1/2017,"145,969",145078,21.89,6922,6634,12400,12340,15859.4,1189,4.5,4.6,60.2,25.4,10.1,2.2,1.7,243.717,96.9,194074,416718,1.5,198.3751257,195.397876,-0.55,232817,103.3405
4/1/2017,"146,144",146101,21.94,6917,6816,12410,12349,15855.2,1154,4.4,4.1,60.2,24.3,9.8,2.2,1.7,244.087,97,194417,418413,1.49,197.8008805,197.3035242,-0.54,230986,104.7605
5/1/2017,"146,299",146937,21.98,6924,6990,12414,12389,15845.2,1129,4.3,4.1,60,24.8,9.5,2.1,1.7,243.911,97.1,194645,418381,1.37,198.2461466,199.0426898,-0.64,230976,104.2399
6/1/2017,"146,538",147578,22.02,6940,7157,12428,12508,15848.6,1217,4.3,4.5,60.1,24.9,9.1,2.2,1.7,244.032,95,194437,418025,1.45,198.5565705,200.4688615,-0.56,245705,104.382
7/1/2017,"146,728",146486,22.06,6934,7197,12424,12498,15847.6,1185,4.3,4.6,60.2,25,9.4,2.1,1.7,244.236,93.4,195201,420258,1.18,199.3179787,201.8796207,-0.71,228981,104.0846
8/1/2017,"146,949",146801,22.11,6962,7228,12463,12555,15851.5,1172,4.4,4.5,60.1,24.3,,2.2,1.7,245.262,96.8,194287,419882,1.23,199.65824,202.6078436,-0.74,233709,103.9011
9/1/2017,"146,963",147177,22.2,6971,7177,12469,12509,15853.3,1159,4.2,4.1,60.4,26.6,,2.1,1.7,246.392,95.1,197333,429623,1.1,201.5850935,203.3202101,-0.65,239313,104.1054
10/1/2017,"147,234",148203,22.18,6988,7182,12489,12509,15859.8,1261,4.1,3.9,60.2,25.8,,2,1.6,246.583,100.7,198500,432584,1.56,202.9936798,203.6650283,-0.8,238324,105.5276
11/1/2017,"147,450",148783,22.23,7030,7117,12519,12522,15887,1299,4.1,3.9,60.1,25.2,,2,1.6,247.411,98.5,199331,436032,1.39,204.488288,204.1066495,-0.71,242477,105.7942
12/1/2017,"147,610",148558,22.31,7063,6971,12540,12545,15861.4,1209,4.1,3.9,60.1,23.6,,2,1.5,247.91,95.9,198984,435673,1.4,205.7993137,204.4468652,-0.78,249067,105.7777
1/1/2018,"147,810",145473,22.34,7099,6692,12555,12459,15876.8,1326,4.1,4.5,60.1,24.1,,2,1.5,249.245,95.7,197397,434364,,,,-0.82,240029,105.8657
,,,,,,,,,,,,,,,,,,,,,,,,-0.44,,
